accession	taxid
AACE03000034	226302
AADK01036068	7091
AAEC03000009	246410
AAEW02000008	281689
AAMV01000002	314264
AANC01000011	398720
AANZ01000021	314230
AAOT01000021	314256
AAQJ02000001	59196
AATP01000002	314231
AAVU01000018	313612
AAWS01000012	313606
AAXS01000094	443342
AAXU02000001	388413
AB001783	83555
AB002068	40380
AB004717	67574
AB004878	543526
AB006763	64979
AB006767	64972
AB006768	64973
AB008801	196015
AB012591	272240
AB012760	75685
AB013522	45565
AB013555	5493
AB013926	76887
AB016510	432096
AB021400	1336237
AB023371	1270
AB024289	56361
AB032508	104270
AB035416	110479
AB036759	887929
AB039000	102232
AB042288	1747
AB048285	38033
AB049939	139808
AB050206	140246
AB053122	1113728
AB056318	153496
AB063324	163869
AB076559	182262
AB078332	410359
AB079382	869210
AB084253	54
AB087261	153493
AB087264	153491
AB087499	1056495
AB088305	2926
AB089241	203523
AB089482	203699
AB091196	81475
AB097590	215803
AB098511	217169
AB104447	221992
AB109771	334413
AB109889	230310
AB110421	231053
AB159680	261934
AB162774	882090
AB167820	267990
AB176554	270495
AB186359	720554
AB193974	115547
AB200304	77133
AB212873	909663
AB222249	337829
AB231786	340097
AB238922	823
AB243007	359359
AB250414	5518
AB264529	392827
AB273737	158852
AB278130	407844
AB288092	1122599
AB288293	70993
AB289439	418853
AB301717	438855
AB306661	446660
AB370250	762966
AB430339	515351
AB443949	544645
AB450762	551788
AB477223	795797
AB477231	797303
AB477974	797210
AB490811	626939
AB501287	1078846
AB505224	404386
AB517710	985
AB517712	982
AB536782	4909
AB537169	47846
AB538436	1656
AB540984	1525
AB540986	1383
AB547649	28118
AB547652	454155
AB558169	157692
AB586075	882744
AB595128	1547
AB601002	762983
AB626633	309120
AB637319	77133
AB663384	469382
AB663392	485914
AB663400	146826
AB663432	348780
AB663457	123783
AB663467	44930
AB671761	1018
AB681109	187304
AB681768	33074
AB681806	364039
AB729070	33012
AB769482	301092
AB771431	693851
AB802715	115547
AB847982	1285375
AB910748	97477
AB974082	77133
AB974087	77133
ABAV01023297	45351
ABBB01000249	454284
ABCJ01000005	391592
ABCK01000003	313628
ABCS01000069	391625
ABEA03000104	278957
ABEZ02000021	445973
ABGD02000031	445972
ABIL02000005	445971
ABIZ01000001	240016
ABOX02000035	320771
ABRE01017991	554373
ABRK01002815	544712
ABRS01000062	118168
ABTR02000001	469381
ABVF01000122	554155
ABWK02000005	500635
ABXC03002691	4558
ABXJ01000150	445975
ABYT01000002	518637
AC158206	3218
AC213764	4577
ACCK01000460	451640
ACCL02000018	478749
ACCY01000005	565045
ACIJ02000018	626522
ACJH01008033	3068
ACJN02000001	555779
ACZL01000055	679200
ADAR01000191	684364
ADFR01000011	679192
ADGC01001322	703336
ADKI01001867	433727
ADLV01000001	742766
ADVD01001051	461836
ADVG01000004	485913
ADVJ01006144	763924
AE000657	224324
AE000666	187420
AE001437	272562
AE008691	273068
AE009439	190192
AE009950	186497
AE016827	221988
AE017261	263820
AE017263	265311
AEDB02000042	509191
AEGR01000103	887062
AEGW02000009	697282
AEIH02000001	714943
AEIV01000001	584708
AEOP01000025	930946
AEPQ01000257	489825
AEQP01000026	887898
AESD01000223	423471
AEUE01000008	517722
AEWC01041800	4113
AEWF01000006	985867
AEWI01000135	886379
AF001477	292564
AF011346	146938
AF026570	1333625
AF063027	717774
AF071415	81464
AF083072	46770
AF084618	81824
AF093427	765420
AF099062	177439
AF109678	94643
AF114799	103730
AF117776	44056
AF139992	59779
AF149979	5888
AF153206	81100
AF180468	1122218
AF243334	153026
AF244903	137420
AF251436	121039
AF271998	134558
AF285414	151755
AF292375	479437
AF293010	140596
AF313575	39585
AF325186	115547
AF328679	446462
AF330215	174811
AF332514	161156
AF338413	156456
AF349564	192875
AF382399	290397
AF385510	163591
AF399914	125
AF407715	77133
AF408427	12968
AF418180	879212
AF445285	180332
AF513441	197461
AF513979	197183
AF525306	765913
AF529060	203795
AF534573	1231185
AF536764	2371
AF538712	207340
AF548373	209880
AFFP02000054	948565
AFGF01000106	1009370
AFHG01000027	1000565
AFWS02000055	631362
AFWV01000002	768671
AGCO01000001	28892
AGCX01000009	1070774
AGDT01000020	999429
AGEF01000001	883103
AGEJ01000008	999415
AGRF01000040	910450
AGVT01000012	1094714
AGXA01000018	883081
AGYA01000006	883096
AGZE01000005	883112
AGZL01000034	883151
AH015107	338334
AHAL01000301	280463
AHGT01000163	5741
AHKJ01000108	671065
AJ010961	82376
AJ233419	714314
AJ237601	1121399
AJ238041	94136
AJ251215	109327
AJ252143	1111732
AJ277742	124225
AJ278695	419015
AJ278726	395964
AJ294413	184882
AJ295144	141390
AJ298058	665004
AJ306835	256821
AJ307981	572544
AJ310654	153721
AJ312209	138532
AJ315983	169438
AJ318041	160232
AJ344134	169050
AJ431335	187280
AJ438155	1319815
AJ441006	195922
AJ458464	192994
AJ496185	2597657
AJ508270	374178
AJ519986	215690
AJ537466	219182
AJ544077	372780
AJ564616	301148
AJ564773	232288
AJ578476	240237
AJ579914	241555
AJ586107	797114
AJ586337	225985
AJ626894	299567
AJ634662	269673
AJ715385	278991
AJ717299	279813
AJ748748	282199
AJ786600	288436
AJ844281	295419
AJ865863	479430
AJ867049	35833
AJ872268	590168
AJ920289	321318
AJ968697	327852
AJJU01000016	946077
AJKI01000048	1168289
AJKR01000002	1081644
AJLN01000020	211165
AJUG01000002	926559
AJWG01001021	361072
AJYA01000021	1189621
AKGD01000001	1172194
AKKQ01000024	1177931
AKKU01000023	1195246
AL111168	192222
AL596170	272626
AL646053	267608
AL939108	100226
AL954747	228410
ALOE01000052	1202962
ALVO01000007	113355
ALVP01000011	118166
ALVW01000015	221288
ALVZ01000003	102125
AM039978	332953
AM040137	152509
AM114102	351095
AM114193	351160
AM117571	797299
AM162406	360055
AM162407	360056
AM177497	247
AM180252	363253
AM229259	114243
AM230484	1123356
AM259915	86473
AM283465	1385515
AM286423	394098
AM295254	70995
AM296500	1087
AM396358	400061
AM397080	400948
AM398681	402612
AM420132	179883
AM462492	29760
AM492160	427078
AM697380	77133
AM709608	926564
AM709625	317619
AM709631	129961
AM747811	580026
AM749667	1122135
AM773820	1121287
AM889285	272568
AM933756	51288
AM941746	504092
AM942759	529507
AM945651	51367
AMFJ01036405	77133
AMGM01000182	1225176
AMRX01000001	1046714
AMSD01000002	1236703
AMYT01000015	1234409
ANFJ01000002	643473
ANNU01000014	1124780
AOBV01000022	1261130
AONI01000015	1123360
AP006500	280699
AP006840	292459
AP006878	69014
AP008230	138119
AP008232	343509
AP008955	358681
AP009152	378753
AP009153	379066
AP009384	438753
AP009389	370438
AP010656	511995
AP011529	639282
AP011533	652620
AP012027	650150
AP012029	926569
AP012035	926570
AP012044	693746
AP012050	698758
AP012051	511051
AP012057	1313172
AP012159	634177
AP012200	940190
AP012202	1029718
AP012203	1030843
AP012211	502558
AP012276	1080228
AP012304	748247
AP012319	512565
AP012337	926550
AP012338	1142394
AP013044	1307832
AP013066	1163617
AP014584	38504
AP017373	1363
AP017381	34062
AP017898	1914525
AP018045	38294
AP018150	1553431
AP018166	272123
AP018233	1973485
AP018317	1973482
APCU01000223	1262132
APJX01000002	1286635
APJY01000001	1294123
APLF01000003	1189619
APMI01000363	527639
AQOB01000017	1203606
AQRO01000115	1047066
AQRR01000038	1104604
AQRS01000026	1104576
AQSA01000023	1007123
AQSF01000009	1104610
AQSL01000078	910047
AQSN01000027	1104607
AQSZ01000059	1047007
AQTV01000144	857041
AQVF01000003	1130299
AQXG01000022	1121930
AQXH01000005	1121104
AQXI01000001	797209
AQXM01000028	1120917
AQXT01000002	1121949
AQXU01000006	1122158
AQXW01000002	1121385
AQYM01000016	1052801
AQZN01000011	1050202
AQZS01000007	926561
AQZZ01000002	1069080
ARAE01000002	1050201
ARAX01000069	1123244
ARBC01000182	765909
ARBI01000033	1120948
ARBL01000033	1121272
ARCL01000068	1123400
ARDO01000013	1122967
AREM01000088	1122619
ARFB01000021	1123248
ARFP01000003	1120978
ARFW01000012	1120961
ARIX01000012	1121921
ARKF01000015	1265507
ARPG01000002	1089547
ARPL01000017	1318599
ARQD01000002	1306947
ARWA01000001	876269
ARWB01000001	1101190
ARWE01000001	1121918
ASAI01000076	1269942
ASKW01000012	1046996
ASKX01000004	1047085
ASMB01000010	910049
ASMM01000001	1104574
ASMN01000059	1052817
ASMO01000004	1130284
ASMP01000002	743729
ASMQ01000007	743730
ASMR01000001	1104575
ASMS01000005	743731
ASMU01000034	1130336
ASND01000028	1130343
ASNV01000007	1104620
ASNX01000003	699257
ASNY01000018	699261
ASOB01000010	1046991
ASOC01000103	699264
ASOY01000050	1104603
ASPI01000040	699266
ASPJ01000020	939844
ASPK01000003	1104571
ASRE01017410	1987568
ASRH01000005	1326980
ASZK01000001	1047055
ATBP01000008	890399
ATDT01000040	566551
ATSX01000009	1208583
ATTE01000001	998674
ATTH01000001	1089550
ATUF01000003	1123488
ATUP01000002	1122613
ATUT01000005	1123313
ATVD01000003	1121015
ATVH01000016	570952
ATVI01000001	1122603
ATVN01000030	1123027
ATVO01000004	1123240
ATWH01000032	1121924
ATXG01000026	1120960
ATXH01000052	1123371
ATXI01000006	1123373
ATXK01000033	1121027
ATXP01000006	1122602
ATXT01000006	1121952
ATXW01000002	880526
ATXY01000007	929703
ATXZ01000014	935948
ATYX01000004	1111738
AUAA01000078	1121870
AUAC01000004	1121948
AUAF01000218	1123509
AUAT01000051	1121871
AUAU01000033	1121920
AUAX01000066	1121946
AUBC01000058	1123229
AUBD01000011	1123253
AUCM01000052	1121271
AUCR01000008	422296
AUCU01000039	1121394
AUHJ01000047	1121937
AUHU01000016	1122194
AUIJ01000005	1123247
AUKJ01000022	1224744
AULD01000008	1120958
AUNW02000026	1094954
AVSQ01000019	1353246
AWGA01000005	1387197
AWNT01000010	1383026
AWNU01000023	1379385
AWNX01000092	1379399
AWNZ01000028	1383060
AWOC01000023	1379386
AWOG01000036	1379390
AWQV01000929	1380770
AWSN01000001	1394712
AWZR01000002	935863
AXCJ01000001	1401685
AXVX01000020	939714
AY005448	135006
AY005463	999552
AY007296	136992
AY028398	2426
AY028926	157228
AY039817	166954
AY046268	45285
AY049713	340101
AY050178	172822
AY056830	177413
AY117417	48483
AY117418	143017
AY117420	136089
AY136131	207949
AY149896	218848
AY183357	218823
AY188352	1304
AY189129	1276246
AY195836	391587
AY207502	226010
AY218567	77133
AY228479	225453
AY251644	4896
AY252113	56
AY253863	182640
AY271622	228955
AY305326	330153
AY326462	1261
AY331143	697281
AY345389	239803
AY387670	248039
AY388649	497964
AY462042	256035
AY508462	5874
AY527274	1123237
AY538171	264641
AY538749	264736
AY546685	61392
AY548776	265470
AY550102	33941
AY559412	77133
AY594264	273527
AY596469	194702
AY643537	280483
AY649762	293089
AY657007	285111
AY671975	284577
AY673993	304766
AY682384	1122137
AY705952	181676
AY742226	294710
AY753654	296745
AY762980	297174
AY780907	314202
AY788950	391165
AY835420	115547
AY837748	336804
AY883937	311208
AY943950	317953
AY962414	153512
AYLG01000001	1245608
AYLI01000329	1412871
AYLJ01000015	1412872
AYLK01000292	1412873
AYLL01000252	1412874
AYMB01000008	1410574
AYOD01000070	1381123
AZHW01000045	1429438
AZNU01000004	1089548
AZSO01000079	1437444
AZXQ01000006	979226
AZYG01000049	926692
BA000021	36870
BA000028	221109
BA000039	197221
BA000045	251221
BAGZ01000028	1184607
BAHD01000131	1184609
BAUP01000039	1427503
BAYY01000283	1499966
BX294149	243090
BX571657	844
BX571873	243265
BX842650	264462
CAEN01000062	1034346
CAEU01000072	1033739
CAIT01000009	1185876
CAIZ01000036	1193181
CALK01000057	1211819
CAQP01000054	1286308
CAVN010000111	941824
CCXY01000234	717931
CDPL01000047	1104602
CETV01269389	408172
CP000013	290434
CP000030	234826
CP000033	272621
CP000061	322098
CP000097	316279
CP000102	339860
CP000103	323848
CP000113	246197
CP000116	292415
CP000127	323261
CP000141	246194
CP000142	338963
CP000155	349521
CP000157	314225
CP000158	228405
CP000236	205920
CP000237	222891
CP000245	365046
CP000252	56780
CP000254	323259
CP000264	290400
CP000267	338969
CP000269	375286
CP000282	203122
CP000284	265072
CP000300	259564
CP000323	335284
CP000359	319795
CP000360	204669
CP000386	266117
CP000411	203123
CP000448	335541
CP000449	394221
CP000453	187272
CP000471	156889
CP000477	349307
CP000478	335543
CP000481	351607
CP000510	357804
CP000512	397945
CP000529	365044
CP000542	391735
CP000559	410358
CP000592	436017
CP000678	420247
CP000682	399549
CP000771	381764
CP000780	456442
CP000786	456481
CP000804	383372
CP000816	453591
CP000817	444177
CP000828	329726
CP000830	398580
CP000853	350688
CP000859	96561
CP000860	477974
CP000875	316274
CP000879	403833
CP000884	398578
CP000885	357809
CP000909	324602
CP000922	491915
CP000930	498761
CP000934	498211
CP000968	374847
CP001014	444157
CP001016	395963
CP001032	452637
CP001034	457570
CP001055	445932
CP001071	349741
CP001085	515618
CP001087	177437
CP001089	398767
CP001098	373903
CP001099	517417
CP001100	517418
CP001102	452471
CP001108	290512
CP001133	388396
CP001146	309799
CP001147	289376
CP001154	557598
CP001157	322710
CP001158	561501
CP001185	484019
CP001251	515635
CP001276	309801
CP001279	598659
CP001280	395965
CP001281	85643
CP001322	218208
CP001338	521011
CP001366	416348
CP001391	66084
CP001397	592029
CP001472	240015
CP001616	595494
CP001618	471853
CP001619	471854
CP001629	525897
CP001631	525909
CP001650	655815
CP001674	582744
CP001678	582402
CP001682	469378
CP001686	478801
CP001699	485918
CP001700	479433
CP001707	523791
CP001708	525919
CP001712	313596
CP001721	521095
CP001734	485915
CP001739	526218
CP001742	666510
CP001743	504728
CP001744	521674
CP001751	488538
CP001769	504472
CP001785	429009
CP001791	439292
CP001792	59374
CP001802	526226
CP001804	502025
CP001818	525903
CP001823	479434
CP001849	553190
CP001854	469383
CP001859	591001
CP001896	572477
CP001899	589924
CP001928	716544
CP001931	638303
CP001939	633148
CP001940	589865
CP001959	526224
CP001964	446466
CP001965	580332
CP001968	522772
CP001994	547558
CP001997	572547
CP001998	583355
CP001999	572480
CP002017	562970
CP002046	216432
CP002049	649638
CP002051	591019
CP002056	666681
CP002059	551115
CP002069	644295
CP002084	552811
CP002085	644282
CP002098	583356
CP002100	572478
CP002101	679901
CP002102	633149
CP002105	574087
CP002117	679926
CP002130	696127
CP002157	313603
CP002159	395494
CP002171	580327
CP002175	572479
CP002221	608538
CP002243	903503
CP002273	53442
CP002278	523846
CP002305	649349
CP002343	710696
CP002345	694427
CP002347	768670
CP002349	643867
CP002351	688269
CP002353	575540
CP002361	670487
CP002364	577650
CP002379	930171
CP002390	546269
CP002396	573065
CP002444	648996
CP002449	596153
CP002455	865938
CP002467	401053
CP002528	983548
CP002535	933801
CP002542	755732
CP002543	868864
CP002545	762903
CP002582	642492
CP002590	999630
CP002606	760142
CP002628	700015
CP002629	880072
CP002663	1007105
CP002667	1005058
CP002683	667014
CP002685	3702
CP002691	760192
CP002737	880724
CP002738	857087
CP002740	698936
CP002745	1005048
CP002772	868131
CP002776	717773
CP002792	647113
CP002809	547145
CP002810	743718
CP002825	983544
CP002829	795359
CP002831	984262
CP002858	717231
CP002859	761193
CP002916	1054217
CP002955	880070
CP002959	869212
CP002961	929562
CP002987	931626
CP002988	756883
CP002999	886377
CP003011	578455
CP003051	765912
CP003059	1008459
CP003060	1085623
CP003083	1094980
CP003093	1045855
CP003096	580340
CP003108	768706
CP003153	640081
CP003154	765911
CP003156	926562
CP003171	511062
CP003178	700598
CP003230	385025
CP003249	751945
CP003255	717605
CP003257	443254
CP003273	767817
CP003274	679935
CP003280	746697
CP003281	866536
CP003321	768672
CP003326	1128398
CP003333	760154
CP003345	880071
CP003346	926556
CP003349	929556
CP003359	748449
CP003360	706587
CP003362	867904
CP003364	886293
CP003368	908937
CP003403	1151116
CP003418	945713
CP003423	1163730
CP003470	666685
CP003479	182217
CP003531	1184251
CP003532	660470
CP003535	1186051
CP003549	373994
CP003552	28072
CP003555	1036672
CP003590	118163
CP003591	1173025
CP003592	82654
CP003597	251229
CP003600	1173020
CP003610	1170562
CP003614	179408
CP003620	1173022
CP003632	1173027
CP003642	56107
CP003653	111780
CP003745	1171377
CP003842	1229908
CP003845	1004785
CP003869	1147129
CP003920	1249480
CP003940	292563
CP003944	13035
CP003945	65093
CP003985	1167006
CP003989	1255043
CP004061	1280938
CP004349	313598
CP004393	1208324
CP005957	1332188
CP005962	1333523
CP005963	1260251
CP005964	1321370
CP006019	1343739
CP006365	1348662
CP006577	1344584
CP006587	1356852
CP006604	1261131
CP006704	1392005
CP006745	1401328
CP006914	1394710
CP006915	1394711
CP006932	1427984
CP006939	1307761
CP007031	765910
CP007034	880074
CP007035	929713
CP007044	1441930
CP007051	694431
CP007053	794903
CP007128	861299
CP007139	661478
CP007155	1449976
CP007203	313624
CP007239	1416753
CP007243	1441628
CP007451	1168034
CP007490	529884
CP007501	1835254
CP007536	926571
CP007588	759620
CP008796	289377
CP008802	59505
CP008852	484770
CP008884	1217721
CP008889	1274
CP009075	1202531
CP009415	1541959
CP010424	1579370
CP010425	1579373
CP010426	1579378
CP011209	1619007
CP011210	1618372
CP011211	1619070
CP011212	1619077
CP011213	1618337
CP011268	1643353
CP011402	79604
CP011456	1647413
CP011509	48
CP012020	1662285
CP012070	1658671
CP012398	1702325
CP012871	1334193
CP012872	1729720
CP012908	92945
CP012930	611
CP012947	64187
CP012950	670
CP012959	714
CP012982	983594
CP013000	1428
CP013011	1273541
CP013046	615
CP013062	1735162
CP013068	121719
CP013119	511
CP013136	964
CP013178	644
CP013251	570277
CP013291	747
CP013292	145458
CP013481	93218
CP013940	1159491
CP014007	497725
CP014024	588
CP014028	85698
CP014340	1117645
CP014936	187452
CP015172	979
CP015243	376489
CP015363	74969
CP015404	1834207
CP015407	302912
CP015529	1033922
CP015963	476157
CP016809	1870820
CP017245	1899017
CP017820	665079
CP018155	1850252
CP018308	689
CP018345	1924286
CP018787	847
CP019448	641147
CP019493	1365886
CP019650	260552
CP020350	180957
CP020453	190893
CP021034	33014
CP021330	454601
CP021378	2003315
CP021383	1710
CP021896	2027919
CP022089	1930557
CP022205	29459
CP022488	565651
CP022810	13684
CP023121	3871
CP023398	298657
CP024028	536
CP025135	2058136
CP025537	669
CP025762	294750
CP025808	1389011
CP025990	2072503
CP027019	214888
CP027405	480
CP027654	4950
CP028367	2136172
CP028519	57480
CP030956	1080349
CP031788	520
CP033076	2479367
CR382124	28985
CR626927	272559
CT573213	326424
CU207211	204773
CU207366	411154
CU463952	866499
CX109058	39946
CXWL01021703	717931
CYSG01000002	1712645
D30774	525
DQ092924	283671
DQ113912	182057
DQ120728	1121479
DQ139408	339722
DQ176646	348582
DQ208689	348842
DQ208700	348818
DQ256281	136703
DQ256728	356302
DQ279347	188058
DQ302104	361055
DQ309326	392333
DQ310296	203449
DQ342315	366616
DQ367409	1122226
DQ404787	77133
DQ421387	376470
DQ423479	376730
DQ437681	117024
DQ440827	378405
DQ469576	1123397
DQ486493	1415780
DQ493955	242507
DQ640643	390641
DQ665916	392736
DQ789120	1235794
DQ798500	77133
DQ802475	77133
DQ811859	166587
DQ830982	396389
DQ841177	1121406
DQ854818	396317
DQ883810	1121028
DQ905837	77133
DQ915627	81569
DQ917760	404770
DQ991965	653733
EF014364	28583
EF026082	408753
EF028328	1260625
EF126149	582515
EF154515	1123257
EF158390	1121032
EF209903	433248
EF212897	422441
EF422408	1069448
EF422412	555088
EF436500	885272
EF469609	433924
EF495229	437507
EF510809	77133
EF564379	443218
EF574142	77133
EF574848	77133
EF587758	1121372
EF602468	77133
EF602469	77133
EF612765	180199
EF631616	446639
EF654087	450520
EF660466	1353276
EU008565	455360
EU021217	1046627
EU192364	76773
EU240001	29281
EU266889	213324
EU282460	33987
EU287245	77133
EU308479	493010
EU334678	176275
EU346912	1121116
EU362183	508888
EU430570	2026
EU583728	516704
EU592372	77133
EU603762	1043205
EU622580	521737
EU660038	5807
EU660053	526067
EU682683	529704
EU706350	533267
EU741687	540746
EU795196	542517
EU928746	555500
EU980631	521045
FJ157186	561176
FJ169991	562710
FJ182049	1235755
FJ182050	558169
FJ232451	571166
FJ264731	115547
FJ464983	579977
FJ481102	1403537
FJ527678	345309
FJ535257	77133
FJ607363	593499
FJ816018	691883
FJ820456	77133
FJ969717	681104
FM177901	549685
FM179942	569
FM242231	34034
FM242272	34034
FM883672	1189612
FM955655	77133
FM992695	573826
FN356976	638953
FN377720	641525
FN396961	1279009
FN434113	665029
FN543502	637910
FN562884	77133
FN564440	2880
FN645454	696125
FN665656	714067
FN666240	55505
FN822744	762550
FN869568	768066
FO117623	1146883
FO203355	935296
FO203503	651182
FP103042	661410
FP565575	671143
FP671120	9606
FP671138	2110
FP929003	330214
FP929041	717960
FP929047	657308
FP929061	649756
FPLS01004494	256318
FPLS01019909	256318
FPLS01040027	256318
FR690946	1003181
FR733667	592030
FR733717	1120956
FR746099	768065
FR798964	980563
FR839023	286730
FR865776	2762
FR872580	765952
FR872582	331113
GAMG01021469	97485
GP443271	0
GQ260079	131568
GQ262000	659495
GQ354896	166587
GQ354904	363504
GQ452854	2850
GQ452897	156588
GQ857549	1156986
GU118862	77133
GU196832	617001
GU205101	442
GU207882	41
GU234254	56763
GU395612	485
GU437651	77133
GU993264	34097
GX154060	0
HA782847	10116
HE574451	1119056
HE576754	1064592
HE582764	86958
HE590855	1454373
HE617160	1123863
HE681411	77133
HE717023	866895
HE796683	1166018
HE820726	1194679
HE956757	187303
HE964772	1201294
HE999757	1234679
HF680312	1298593
HF951689	1303518
HG315671	1347342
HG738867	1403831
HK241550	0
HK693344	0
HM050420	765699
HM069055	77133
HM187182	77133
HM366507	77133
HM448141	29281
HQ190545	77133
HQ225190	77133
HQ462537	174293
HQ588390	77133
HQ658853	1122224
HQ659556	4952
HQ687087	682795
HQ730135	948458
HQ783234	155900
HQ833040	980519
HQ860485	77133
HQ876033	36914
HQ890464	1051646
HQ908675	584605
JAFY01000005	1304874
JAGL01000083	935261
JDFY01000001	2731756
JF304641	1313304
JF320723	77133
JF421969	1073996
JF489961	2081491
JF509453	1004781
JF775510	1090043
JF789589	183760
JF979130	1048396
JF979273	77133
JHZX01000001	1392490
JMFO01000010	1455061
JMIH01000044	1048983
JMIY01000002	1392998
JN038877	77133
JN091913	77133
JN107635	1078050
JN175329	41202
JN175334	927
JN175338	83655
JN206648	376171
JN474124	155900
JN558651	1076926
JN571747	40324
JN662465	46206
JN672497	77133
JN703378	1349822
JN831264	129975
JN837493	1118060
JN867363	1104747
JN867415	77133
JN940952	318718
JN941111	36911
JN979554	1126952
JNBR01001696	1202772
JOMH01000001	1415779
JPRS01000598	1529318
JQ087393	34105
JQ195843	77133
JQ226617	56763
JQ287479	77133
JQ292917	1191523
JQ316675	77133
JQ327964	291430
JQ345500	1129897
JQ352762	1150368
JQ426323	77133
JQ448776	77133
JQ516457	91750
JQ663917	696485
JQ698923	45786
JQ698935	5606
JQ775342	197516
JQ807811	1178825
JQEY01000008	1530186
JQKP01000002	1485544
JQLW01000012	1485545
JRFF01000022	1541960
JSAF02003852	9606
JTLI01000095	1339239
JWKV01000003	1579374
JX000728	115547
JX010948	144185
JX101690	1211844
JX105677	77133
JX120421	77133
JX131369	1029756
JX221735	77133
JX222600	77133
JX310203	1211136
JX392051	1228055
JX412111	1072685
JX424771	1232430
JX458465	1341520
JX495403	5865
JX968034	155892
JYIM01000321	1538547
KC005305	1267423
KC109787	28077
KC139247	39152
KC160689	1277115
KC160729	1277067
KC160880	1277032
KC191774	77133
KC433554	1277256
KC465685	77133
KC476292	1296416
KC493561	1303026
KC554184	77133
KC631812	1304888
KC990413	174293
KC990415	174293
KC990432	174293
KC990435	460511
KF481682	1379270
KF667495	1427536
KF798602	77133
KF924609	561184
KF952247	41900
KJ757052	100272
KJ763355	100272
KJ816860	1520893
KJ877525	77133
KJ882222	115547
KJ955688	282196
KM200555	171953
KM200559	412392
KM374763	83615
KM820506	77133
KM823734	77133
KP277099	1634059
KP308705	115547
KP308716	115547
KP308719	115547
KP308748	115547
KP308750	115547
KP861849	29288
KR029273	1718145
KR493097	1652022
KT731151	1716619
KU868083	77133
KU868084	77133
KU868085	77133
KU868086	77133
KU868087	77133
KU868088	77133
KU868089	77133
KU868090	77133
KU868091	77133
KU868093	77133
KU868097	77133
KU868098	77133
KU868099	77133
KU868100	77133
KU868105	77133
KU955357	53249
KU978252	77133
KU978255	77133
KX123309	1620412
KX123350	1618563
KX123359	1618553
KX123363	1618407
KX123372	1618425
KX123375	1618422
KX123380	1618662
KX123385	1619038
KX123387	1618356
KX123388	1618606
KX123391	1618615
KX123395	1618389
KX123399	1618360
KX123401	1618814
KX123409	1618909
KX123415	1618554
KX123418	1618844
KX123419	1618550
KX123448	1618865
KX123450	1618333
KX123456	1618712
KX123463	1618760
KX123464	1618608
KX123468	1618630
KX123471	1618464
KX123472	1618334
KX123475	1618919
KX123482	1618625
KX123483	1619010
KX123489	1619095
KX123493	1618837
KX123508	1618805
KX123509	1618434
KX123512	1618478
KX123513	1619036
KX123514	1618583
KX123515	1619004
KX123523	1618621
KX123529	1618483
KX123530	1618480
KX123531	1618945
KX123539	1618980
KX123540	1618756
KX123549	1618626
KX123555	1618642
KX123556	1618994
KX123557	1618811
KX123559	1618991
KX123561	1619000
KX123569	1618492
KX123571	1618816
KX123576	1618535
KX123581	1618584
KX123584	1618984
KX123588	1619027
KX123590	1618643
KX123592	1618466
KX123604	1619054
KX123607	1619034
KX123616	1619057
KX123619	1619065
KX123620	1619058
KX123621	1618454
KX123625	1618346
KX123629	1618944
KX123634	1618918
KX123636	1618635
KX213929	115547
KY364696	29205
KY770248	1960284
L06174	61
L10828	10228
L14326	546270
L40808	326298
L77117	243232
LARU01000002	1637998
LBLP01002047	9606
LBOM01000001	1618760
LBPE01000008	1619080
LBRP01000001	1618775
LBSF01000011	1619091
LBUW01000007	1618637
LBVI01000009	1618960
LBWJ01000011	1619062
LBWK01000001	1619100
LBWM01000003	1619067
LBWQ01000018	1618551
LC025527	1609276
LC072670	1701090
LC086660	77133
LC086674	77133
LC127084	636
LC133706	1818779
LC328545	2045279
LCAA01000005	1618943
LCAH01000003	1618985
LCBR01000016	1618869
LCCT01000003	1618952
LCDI01000005	1618627
LCEK01000024	1619052
LCFW01000014	1619068
LCHH01000004	1618757
LCHO01000019	1618829
LCID01000036	1618969
LCLH01000025	1619050
LCLP01000002	1618469
LCNU01000004	1618364
LCOU01000026	1618848
LCPF01000001	1618660
LCPX01000023	1618710
LCQK01000003	1618665
LCQX01000020	1618976
LDXN01000013	1640508
LDXP01000044	1640509
LF651704	712985
LFFM01006973	1627878
LJNP01000003	1703768
LJUC01000242	1703411
LK021130	55601
LN614756	1496
LN614830	451
LN681227	1437823
LN831027	76857
LN846995	83558
LN870770	77133
LN908249	754345
LN997848	1663591
LNVX01000212	1408204
LQMP01000030	1776333
LS483299	75985
LS483411	727
LS483423	43674
LS483426	504
LS483427	28264
LS483439	2148
LS483483	571
LS483498	582
LS483499	82987
LT549890	2287
LT594095	470
LT596221	633
LT629694	1798217
LT629776	545619
LT629784	1881061
LT838272	698762
LT838813	758820
LT841305	160808
LT854279	1276537
LT906453	1863
LT906475	34085
LT906482	539
LT934425	174633
LT993737	2756
LUTP01000101	1082703
M11223	358
M32703	3055
M35016	870
M38637	2303
M58791	70993
M59142	694440
M90801	638
M92991	5346
MCBF01000001	1878999
MELT01000136	1797206
MESY01000047	1797703
META01000003	1798535
METB01000001	1798536
METK01000005	1802376
MEVN01000034	1802630
MEWM01000072	1802784
MEYG01000109	1797290
MEZX01000002	1797471
MEZY01000050	1797472
MF092312	77133
MF449188	1409
MF461058	1873876
MFBU01000020	1797731
MFDF01000004	1797778
MFFP01000027	1817855
MFJY01000009	1798395
MFQT01000006	1798698
MFRI01000031	1821775
MFRJ01000085	1801604
MFRQ01000138	1801611
MFYO01000022	1801939
MGDN01000030	1802153
MGHT01000023	1802533
MGMK01000015	1797617
MGML01000116	1797618
MGMY01000058	1797631
MGTY01000053	1797927
MGUN01000010	1797942
MGUP01000120	1797944
MGUR01000062	1797946
MGVR01000037	1797972
MH463959	2003368
MH698806	54015
MHAV01000004	1798449
MHBF01000173	1798571
MHBI01000069	1798574
MHCP01000032	1802593
MHCQ01000043	1802594
MHDA01000022	1802604
MHDB01000041	1802605
MHDG01000024	1817751
MHEE01000002	1801702
MHFU01000153	1801835
MHIT01000023	1797685
MHIW01000010	1797688
MHIZ01000032	1797691
MHJT01000020	1798459
MHJW01000015	1798462
MHKE01000005	1798543
MHLE01000021	1798654
MHNQ01000001	1802120
MHTG01000018	1802435
MHTH01000005	1802436
MHTK01000006	1802439
MIDP01000022	1802431
MIDS01000601	1802434
MKKE01000074	1904969
MLAW01000094	1925591
MNUR01000070	1805132
MNVB01000064	1805235
MNWJ01000041	1805309
MNWM01000025	1805312
MNWN01000015	1805313
MNWT01000005	1805421
MNXB01000105	1805131
MNXI01000065	1973895
MNXM01000314	1805027
MNXN01000406	1805028
MNXR01000004	1805037
MNXS01000038	1805038
MNYD01000108	1805102
MNYS01000006	1805237
MNYV01000050	1805278
MNYX01000024	1805283
MNZB01000003	1805300
MNZI01000019	1805320
MNZJ01000031	1805324
MNZM01000024	1805340
MNZN01000008	1805375
MNZO01000023	1805376
MNZU01000010	1805402
MNZY01000038	1803514
MOYA01000001	1906157
MOYD01000062	1906167
MTOJ01000048	1935125
U17356	5914
U25627	39841
U45990	859314
U50168	73526
U53132	46952
U53824	287752
U64459	1376
U87101	867902
U87759	883078
U89300	73780
U93332	452652
U96412	13335
X14835	2269
X59733	8354
X60418	703
X70803	38271
X72377	35751
X74686	658
X76441	1409
X77215	903818
X79412	37624
X80994	518766
X81319	118005
X87278	1085
X89525	113608
X91032	446465
X91034	36740
X93021	550540
X99234	53245
Y13299	64323
Y15403	69279
Y15711	69966
Y16546	136492
Y17060	76259
Y17112	75684
Y17601	83767
Y17602	83765
Y18214	83661
Y19155	4881
Z21632	929563
Z29583	34011
Z36296	35519
Z96096	69223
