otu	accession
AACE03000034.3.1790	AACE03000034
AADK01036068.668.2582	AADK01036068
AAEC03000009.18920.20721	AAEC03000009
AAEW02000008.189409.190966	AAEW02000008
AAMV01000002.66945.68394	AAMV01000002
AANC01000011.208.1734	AANC01000011
AANZ01000021.102759.104249	AANZ01000021
AAOT01000021.1.1840	AAOT01000021
AAQJ02000001.641042.642519	AAQJ02000001
AATP01000002.612461.613920	AATP01000002
AAVU01000018.81300.82792	AAVU01000018
AAWS01000012.387.1834	AAWS01000012
AAXS01000094.4846.6337	AAXS01000094
AAXU02000001.1077624.1079133	AAXU02000001
AB001783.1.1507	AB001783
AB002068.1.1767	AB002068
AB004717.1.1520	AB004717
AB004878.1.1473	AB004878
AB006763.1.1465	AB006763
AB006767.1.1452	AB006767
AB006768.1.1429	AB006768
AB008801.1.1466	AB008801
AB012591.1.1488	AB012591
AB012760.1.1394	AB012760
AB013522.1.1782	AB013522
AB013555.1.1782	AB013555
AB013926.1.1642	AB013926
AB016510.1.1753	AB016510
AB021400.1.1522	AB021400
AB023371.1.1468	AB023371
AB024289.1.1476	AB024289
AB032508.1.1440	AB032508
AB035416.1.1411	AB035416
AB036759.1.1480	AB036759
AB039000.1.1440	AB039000
AB042288.1.1486	AB042288
AB048285.1.1773	AB048285
AB049939.1.1459	AB049939
AB050206.1.1687	AB050206
AB053122.1.1536	AB053122
AB056318.1.1416	AB056318
AB063324.1.1498	AB063324
AB076559.1.1472	AB076559
AB078332.1.1498	AB078332
AB079382.1.1493	AB079382
AB084253.1.1480	AB084253
AB087261.1.1479	AB087261
AB087264.1.1492	AB087264
AB087499.1.1466	AB087499
AB088305.1.1802	AB088305
AB089241.1.1476	AB089241
AB089482.1.1449	AB089482
AB091196.1.1526	AB091196
AB097590.1.1480	AB097590
AB098511.1.1432	AB098511
AB104447.1.1529	AB104447
AB109771.667.2190	AB109771
AB109889.1.1484	AB109889
AB110421.1.1436	AB110421
AB159680.1.1435	AB159680
AB162774.1.1433	AB162774
AB167820.1.1431	AB167820
AB176554.1.1515	AB176554
AB186359.1.1560	AB186359
AB193974.1.1440	AB193974
AB200304.1.1489	AB200304
AB212873.1.1482	AB212873
AB222249.1.1520	AB222249
AB231786.1.1486	AB231786
AB238922.1.1488	AB238922
AB243007.1.1478	AB243007
AB250414.1.1747	AB250414
AB264529.1.1492	AB264529
AB273737.1.1490	AB273737
AB278130.1.1432	AB278130
AB288092.1.1498	AB288092
AB288293.1.1424	AB288293
AB289439.1.1426	AB289439
AB301717.1.1464	AB301717
AB306661.1.1469	AB306661
AB370250.1.1494	AB370250
AB430339.1.1446	AB430339
AB443949.1.1486	AB443949
AB450762.1.1471	AB450762
AB477223.1.1434	AB477223
AB477231.1.1433	AB477231
AB477974.1.1431	AB477974
AB490811.1.1610	AB490811
AB501287.1.1488	AB501287
AB505224.1.1491	AB505224
AB517710.1.1446	AB517710
AB517712.1.1448	AB517712
AB536782.1.1476	AB536782
AB537169.1.1458	AB537169
AB538436.1.1502	AB538436
AB540984.1.1529	AB540984
AB540986.1.1474	AB540986
AB547649.1.1485	AB547649
AB547652.1.1488	AB547652
AB558169.1.1473	AB558169
AB586075.1.2152	AB586075
AB595128.1.1488	AB595128
AB601002.1.1478	AB601002
AB626633.1.1528	AB626633
AB637319.1.1480	AB637319
AB663384.1.1472	AB663384
AB663392.1.1473	AB663392
AB663400.1.1472	AB663400
AB663432.1.1467	AB663432
AB663457.1.1472	AB663457
AB663467.1.1472	AB663467
AB671761.1.1477	AB671761
AB681109.1.1408	AB681109
AB681768.1.1465	AB681768
AB681806.1.1456	AB681806
AB729070.1.1482	AB729070
AB769482.1.1491	AB769482
AB771431.1.1473	AB771431
AB802715.1.1398	AB802715
AB847982.1.1393	AB847982
AB910748.1.1433	AB910748
AB974082.1.1445	AB974082
AB974087.1.1435	AB974087
ABAV01023297.1433.3227	ABAV01023297
ABBB01000249.31423.33216	ABBB01000249
ABCJ01000005.352.1864	ABCJ01000005
ABCK01000003.100786.102281	ABCK01000003
ABCS01000069.4919.6444	ABCS01000069
ABEA03000104.32049.33587	ABEA03000104
ABEZ02000021.84162.85652	ABEZ02000021
ABGD02000031.941.2453	ABGD02000031
ABIL02000005.2980.4486	ABIL02000005
ABIZ01000001.5019483.5021021	ABIZ01000001
ABOX02000035.71375.72936	ABOX02000035
ABRE01017991.4108.5932	ABRE01017991
ABRK01002815.6135.7917	ABRK01002815
ABRS01000062.60746.62213	ABRS01000062
ABTR02000001.780170.781679	ABTR02000001
ABVF01000122.4504.6293	ABVF01000122
ABWK02000005.70.1618	ABWK02000005
ABXC03002691.100887.102690	ABXC03002691
ABXJ01000150.1579.3071	ABXJ01000150
ABYT01000002.2079.3606	ABYT01000002
AC158206.7522.9332	AC158206
AC213764.121050.122926	AC213764
ACCK01000460.1.1313	ACCK01000460
ACCL02000018.824.2342	ACCL02000018
ACCY01000005.46364.47877	ACCY01000005
ACIJ02000018.407302.408819	ACIJ02000018
ACJH01008033.984.2764	ACJH01008033
ACJN02000001.56313.57862	ACJN02000001
ACZL01000055.405.1921	ACZL01000055
ADAR01000191.5270.7050	ADAR01000191
ADFR01000011.3460.4852	ADFR01000011
ADGC01001322.8721.10240	ADGC01001322
ADKI01001867.5974.7442	ADKI01001867
ADLV01000001.353.1867	ADLV01000001
ADVD01001051.10315.12134	ADVD01001051
ADVG01000004.1029211.1030676	ADVG01000004
ADVJ01006144.15423.17227	ADVJ01006144
AE000657.1192069.1193655	AE000657
AE000666.1718787.1720265	AE000666
AE001437.163474.164983	AE001437
AE008691.1488415.1490034	AE008691
AE009439.516778.518289	AE009439
AE009950.136930.138426	AE009950
AE016827.1721185.1722725	AE016827
AE017261.470727.472195	AE017261
AE017263.191851.193375	AE017263
AEDB02000042.329.1819	AEDB02000042
AEGR01000103.3796.5314	AEGR01000103
AEGW02000009.554995.556509	AEGW02000009
AEIH02000001.1451802.1453304	AEIH02000001
AEIV01000001.680844.682347	AEIV01000001
AEOP01000025.341.1870	AEOP01000025
AEPQ01000257.114.1582	AEPQ01000257
AEQP01000026.54.1572	AEQP01000026
AESD01000223.139.1640	AESD01000223
AEUE01000008.155488.156954	AEUE01000008
AEWC01041800.3159.4639	AEWC01041800
AEWF01000006.3949.5424	AEWF01000006
AEWI01000135.106.1615	AEWI01000135
AF001477.1.1438	AF001477
AF011346.1.1485	AF011346
AF026570.1.1805	AF026570
AF063027.1.1534	AF063027
AF071415.1.1530	AF071415
AF083072.21771.23243	AF083072
AF084618.1.1765	AF084618
AF093427.1.1418	AF093427
AF099062.1.1492	AF099062
AF109678.1.1797	AF109678
AF114799.1.1507	AF114799
AF117776.1.1814	AF117776
AF139992.1.1427	AF139992
AF149979.3391.5139	AF149979
AF153206.1.1748	AF153206
AF180468.1.1383	AF180468
AF243334.1.1524	AF243334
AF244903.1.1830	AF244903
AF251436.1.1466	AF251436
AF271998.1.1795	AF271998
AF285414.1.1484	AF285414
AF292375.1.1500	AF292375
AF293010.1.1498	AF293010
AF313575.1.1711	AF313575
AF325186.1.1402	AF325186
AF328679.1.1509	AF328679
AF330215.1.1759	AF330215
AF332514.1.1497	AF332514
AF338413.1.1408	AF338413
AF349564.1.1797	AF349564
AF382399.1.1534	AF382399
AF385510.1.1522	AF385510
AF399914.1.1486	AF399914
AF407715.1.1493	AF407715
AF408427.1.1805	AF408427
AF418180.1.1523	AF418180
AF445285.1.1525	AF445285
AF513441.1.1384	AF513441
AF513979.1.1533	AF513979
AF525306.1.1362	AF525306
AF529060.1.1489	AF529060
AF534573.1.1456	AF534573
AF536764.1.1452	AF536764
AF538712.1.1482	AF538712
AF548373.1.1537	AF548373
AFFP02000054.75.1590	AFFP02000054
AFGF01000106.1.1560	AFGF01000106
AFHG01000027.189.1709	AFHG01000027
AFWS02000055.527841.529351	AFWS02000055
AFWV01000002.70486.72002	AFWV01000002
AGCO01000001.611619.613073	AGCO01000001
AGCX01000009.4054.5511	AGCX01000009
AGDT01000020.349129.350661	AGDT01000020
AGEF01000001.130585.132119	AGEF01000001
AGEJ01000008.84769.86302	AGEJ01000008
AGRF01000040.13758.15228	AGRF01000040
AGVT01000012.60.1581	AGVT01000012
AGXA01000018.94315.95851	AGXA01000018
AGYA01000006.56697.58212	AGYA01000006
AGZE01000005.9117.10656	AGZE01000005
AGZL01000034.1188.2693	AGZL01000034
AH015107.1010.2233	AH015107
AHAL01000301.1474.3265	AHAL01000301
AHGT01000163.1512.2973	AHGT01000163
AHKJ01000108.121469.122953	AHKJ01000108
AJ010961.1.1506	AJ010961
AJ233419.1.1499	AJ233419
AJ237601.1.1527	AJ237601
AJ238041.1.1412	AJ238041
AJ251215.1.1500	AJ251215
AJ252143.1.1514	AJ252143
AJ277742.1.1473	AJ277742
AJ278695.1.1412	AJ278695
AJ278726.1.1415	AJ278726
AJ294413.1.1479	AJ294413
AJ295144.1.1532	AJ295144
AJ298058.1.1495	AJ298058
AJ306835.1.1430	AJ306835
AJ307981.1.1516	AJ307981
AJ310654.1.1488	AJ310654
AJ312209.1.1514	AJ312209
AJ315983.1.1478	AJ315983
AJ318041.1.1500	AJ318041
AJ344134.1.1511	AJ344134
AJ431335.1.1345	AJ431335
AJ438155.1.1470	AJ438155
AJ441006.1.1491	AJ441006
AJ458464.1.1458	AJ458464
AJ496185.1.1473	AJ496185
AJ508270.1.1710	AJ508270
AJ519986.1.1497	AJ519986
AJ537466.1.1525	AJ537466
AJ544077.1.1364	AJ544077
AJ564616.1.1525	AJ564616
AJ564773.1.1787	AJ564773
AJ578476.1.1421	AJ578476
AJ579914.1.1512	AJ579914
AJ586107.1.1473	AJ586107
AJ586337.1.1440	AJ586337
AJ626894.1.1445	AJ626894
AJ634662.1.1521	AJ634662
AJ715385.1.1415	AJ715385
AJ717299.1.1506	AJ717299
AJ748748.1.1455	AJ748748
AJ786600.1.1449	AJ786600
AJ844281.1.1449	AJ844281
AJ865863.1.1444	AJ865863
AJ867049.1.1500	AJ867049
AJ872268.40096.41656	AJ872268
AJ920289.1.1486	AJ920289
AJ968697.1.1428	AJ968697
AJJU01000016.421.1936	AJJU01000016
AJKI01000048.277.1780	AJKI01000048
AJKR01000002.555441.556954	AJKR01000002
AJLN01000020.9.1481	AJLN01000020
AJUG01000002.150496.151996	AJUG01000002
AJWG01001021.733.2594	AJWG01001021
AJYA01000021.1494.2996	AJYA01000021
AKGD01000001.2155039.2156557	AKGD01000001
AKKQ01000024.146.1526	AKKQ01000024
AKKU01000023.38873.40404	AKKU01000023
AL111168.394130.395642	AL111168
AL596170.116698.118252	AL596170
AL646053.1205189.1206722	AL646053
AL939108.269793.271323	AL939108
AL954747.69146.70677	AL954747
ALOE01000052.9.1492	ALOE01000052
ALVO01000007.393816.395283	ALVO01000007
ALVP01000011.1263.2730	ALVP01000011
ALVW01000015.525265.526734	ALVW01000015
ALVZ01000003.198.1565	ALVZ01000003
AM039978.1.1378	AM039978
AM040137.1.1493	AM040137
AM114102.1.1441	AM114102
AM114193.2083318.2084792	AM114193
AM117571.1.1372	AM117571
AM162406.1.1426	AM162406
AM162407.1.1446	AM162407
AM177497.1.1485	AM177497
AM180252.1403899.1405451	AM180252
AM229259.1.1344	AM229259
AM230484.1.1519	AM230484
AM259915.1.1448	AM259915
AM283465.1.1509	AM283465
AM286423.1.1544	AM286423
AM295254.1.1413	AM295254
AM296500.1.1407	AM296500
AM396358.1.1420	AM396358
AM397080.1.1508	AM397080
AM398681.645428.646927	AM398681
AM420132.1.1439	AM420132
AM462492.29057.30376	AM462492
AM492160.1.1502	AM492160
AM697380.1.1520	AM697380
AM709608.1.1450	AM709608
AM709625.1.1448	AM709625
AM709631.1.1448	AM709631
AM747811.1.1450	AM747811
AM749667.1.1450	AM749667
AM773820.1.1462	AM773820
AM889285.962737.964221	AM889285
AM933756.1.1500	AM933756
AM941746.1.1428	AM941746
AM942759.3876856.3878397	AM942759
AM945651.1.1344	AM945651
AMFJ01036405.2353.3854	AMFJ01036405
AMGM01000182.89.1598	AMGM01000182
AMRX01000001.3417.4924	AMRX01000001
AMSD01000002.83632.85176	AMSD01000002
AMYT01000015.54.1603	AMYT01000015
ANFJ01000002.3066008.3067474	ANFJ01000002
ANNU01000014.4110.5611	ANNU01000014
AOBV01000022.3554.5081	AOBV01000022
AONI01000015.1107796.1109261	AONI01000015
AP006500.506489.508279	AP006500
AP006840.21144.22715	AP006840
AP006878.2022864.2024361	AP006878
AP008230.237001.238657	AP008230
AP008232.200275.201785	AP008232
AP008955.21496.23006	AP008955
AP009152.2127424.2128956	AP009152
AP009153.1882855.1884381	AP009153
AP009384.680516.681983	AP009384
AP009389.265400.266925	AP009389
AP010656.1093341.1094861	AP010656
AP011529.2192978.2194541	AP011529
AP011533.889296.890803	AP011533
AP012027.1121071.1122611	AP012027
AP012029.195826.197323	AP012029
AP012035.2291853.2293343	AP012035
AP012044.1260691.1262224	AP012044
AP012050.93737.95308	AP012050
AP012051.541386.542944	AP012051
AP012057.2930700.2932220	AP012057
AP012159.1886073.1887565	AP012159
AP012200.292410.293811	AP012200
AP012202.43169.44681	AP012202
AP012203.2280282.2281801	AP012203
AP012211.976973.978469	AP012211
AP012276.3322770.3324258	AP012276
AP012304.1820861.1822382	AP012304
AP012319.1197212.1198727	AP012319
AP012337.1275742.1277241	AP012337
AP012338.3063933.3065441	AP012338
AP013044.700729.702233	AP013044
AP013066.1745576.1747120	AP013066
AP014584.31907.33426	AP014584
AP017373.1350283.1351819	AP017373
AP017381.1716844.1718363	AP017381
AP017898.3524508.3525999	AP017898
AP018045.3169959.3171497	AP018045
AP018150.404602.406127	AP018150
AP018166.3816451.3817937	AP018166
AP018233.3027109.3028595	AP018233
AP018317.730907.732391	AP018317
APCU01000223.172.1731	APCU01000223
APJX01000002.234709.236256	APJX01000002
APJY01000001.782068.783547	APJY01000001
APLF01000003.181285.182805	APLF01000003
APMI01000363.28929.30436	APMI01000363
AQOB01000017.75653.77170	AQOB01000017
AQRO01000115.17633.19169	AQRO01000115
AQRR01000038.5346.6898	AQRR01000038
AQRS01000026.3862.5336	AQRS01000026
AQSA01000023.8453.9992	AQSA01000023
AQSF01000009.11072.12546	AQSF01000009
AQSL01000078.2339.3877	AQSL01000078
AQSN01000027.16246.17745	AQSN01000027
AQSZ01000059.14608.16151	AQSZ01000059
AQTV01000144.6373.7900	AQTV01000144
AQVF01000003.15755.17233	AQVF01000003
AQXG01000022.3861.5364	AQXG01000022
AQXH01000005.139455.140958	AQXH01000005
AQXI01000001.2128739.2130197	AQXI01000001
AQXM01000028.3980.5490	AQXM01000028
AQXT01000002.1569233.1570666	AQXT01000002
AQXU01000006.219.1736	AQXU01000006
AQXW01000002.199347.200854	AQXW01000002
AQYM01000016.22627.24108	AQYM01000016
AQZN01000011.138144.139687	AQZN01000011
AQZS01000007.199066.200586	AQZS01000007
AQZZ01000002.9217.10746	AQZZ01000002
ARAE01000002.30816.32317	ARAE01000002
ARAX01000069.3733.5230	ARAX01000069
ARBC01000182.502.2012	ARBC01000182
ARBI01000033.66.1574	ARBI01000033
ARBL01000033.148.1647	ARBL01000033
ARCL01000068.266.1725	ARCL01000068
ARDO01000013.184.1684	ARDO01000013
AREM01000088.49.1565	AREM01000088
ARFB01000021.118844.120350	ARFB01000021
ARFP01000003.3343.4870	ARFP01000003
ARFW01000012.454.1919	ARFW01000012
ARIX01000012.135232.136747	ARIX01000012
ARKF01000015.10211.11729	ARKF01000015
ARPG01000002.2291892.2293379	ARPG01000002
ARPL01000017.16314.17806	ARPL01000017
ARQD01000002.97686.99234	ARQD01000002
ARWA01000001.752244.753710	ARWA01000001
ARWB01000001.3865046.3866508	ARWB01000001
ARWE01000001.2389747.2391258	ARWE01000001
ASAI01000076.6169.7721	ASAI01000076
ASKW01000012.8631.10171	ASKW01000012
ASKX01000004.3232.4703	ASKX01000004
ASMB01000010.13141.14680	ASMB01000010
ASMM01000001.34673.36232	ASMM01000001
ASMN01000059.2525.4105	ASMN01000059
ASMO01000004.23831.25277	ASMO01000004
ASMP01000002.125551.126982	ASMP01000002
ASMQ01000007.23975.25425	ASMQ01000007
ASMR01000001.18974.20405	ASMR01000001
ASMS01000005.11641.13084	ASMS01000005
ASMU01000034.8702.10220	ASMU01000034
ASND01000028.18390.19846	ASND01000028
ASNV01000007.13660.15190	ASNV01000007
ASNX01000003.12819.14290	ASNX01000003
ASNY01000018.1885.3380	ASNY01000018
ASOB01000010.551.2094	ASOB01000010
ASOC01000103.4482.6034	ASOC01000103
ASOY01000050.152.1757	ASOY01000050
ASPI01000040.483.2021	ASPI01000040
ASPJ01000020.8825.10366	ASPJ01000020
ASPK01000003.14512.15983	ASPK01000003
ASRE01017410.444.2254	ASRE01017410
ASRH01000005.110739.112232	ASRH01000005
ASZK01000001.85035.86587	ASZK01000001
ATBP01000008.203.1756	ATBP01000008
ATDT01000040.55.1584	ATDT01000040
ATSX01000009.227.1719	ATSX01000009
ATTE01000001.2869404.2870922	ATTE01000001
ATTH01000001.2391699.2393203	ATTH01000001
ATUF01000003.333792.335311	ATUF01000003
ATUP01000002.411.1857	ATUP01000002
ATUT01000005.67070.68591	ATUT01000005
ATVD01000003.563074.564596	ATVD01000003
ATVH01000016.262574.264046	ATVH01000016
ATVI01000001.120420.121923	ATVI01000001
ATVN01000030.4530.5989	ATVN01000030
ATVO01000004.91274.92741	ATVO01000004
ATWH01000032.3888.5402	ATWH01000032
ATXG01000026.18916.20423	ATXG01000026
ATXH01000052.220.1687	ATXH01000052
ATXI01000006.68852.70404	ATXI01000006
ATXK01000033.74.1540	ATXK01000033
ATXP01000006.269.1775	ATXP01000006
ATXT01000006.3842.5353	ATXT01000006
ATXW01000002.1335795.1337303	ATXW01000002
ATXY01000007.94928.96413	ATXY01000007
ATXZ01000014.201334.202801	ATXZ01000014
ATYX01000004.412909.414419	ATYX01000004
AUAA01000078.1985.3481	AUAA01000078
AUAC01000004.132980.134438	AUAC01000004
AUAF01000218.3412.4931	AUAF01000218
AUAT01000051.79.1494	AUAT01000051
AUAU01000033.237.1756	AUAU01000033
AUAX01000066.51.1547	AUAX01000066
AUBC01000058.44.1506	AUBC01000058
AUBD01000011.3524.5041	AUBD01000011
AUCM01000052.346.1790	AUCM01000052
AUCR01000008.7246.8707	AUCR01000008
AUCU01000039.43293.44828	AUCU01000039
AUHJ01000047.4103.5616	AUHJ01000047
AUHU01000016.4124.5635	AUHU01000016
AUIJ01000005.642.2086	AUIJ01000005
AUKJ01000022.3673.5187	AUKJ01000022
AULD01000008.847.2348	AULD01000008
AUNW02000026.4605.6060	AUNW02000026
AVSQ01000019.27413.28870	AVSQ01000019
AWGA01000005.47.1564	AWGA01000005
AWNT01000010.42863.44412	AWNT01000010
AWNU01000023.18534.20063	AWNU01000023
AWNX01000092.8321.9853	AWNX01000092
AWNZ01000028.5500.7107	AWNZ01000028
AWOC01000023.11513.12991	AWOC01000023
AWOG01000036.535.1990	AWOG01000036
AWQV01000929.944.2479	AWQV01000929
AWSN01000001.338194.339805	AWSN01000001
AWZR01000002.313150.314674	AWZR01000002
AXCJ01000001.179905.181390	AXCJ01000001
AXVX01000020.1198.2740	AXVX01000020
AY005448.1.1448	AY005448
AY005463.1.1431	AY005463
AY007296.1.1499	AY007296
AY028398.1.1469	AY028398
AY028926.1.1507	AY028926
AY039817.1.1413	AY039817
AY046268.1.1746	AY046268
AY049713.1.1456	AY049713
AY050178.1.1805	AY050178
AY056830.1.1457	AY056830
AY117417.1.1863	AY117417
AY117418.1.1844	AY117418
AY117420.1.1867	AY117420
AY136131.1.1533	AY136131
AY149896.1.1770	AY149896
AY183357.1.1506	AY183357
AY188352.1.1546	AY188352
AY189129.1.1515	AY189129
AY195836.1.1514	AY195836
AY207502.1.1456	AY207502
AY218567.1.1494	AY218567
AY228479.1.1503	AY228479
AY251644.1.1842	AY251644
AY252113.1.1555	AY252113
AY253863.1.1510	AY253863
AY271622.1.1438	AY271622
AY305326.1543.3351	AY305326
AY326462.1.1473	AY326462
AY331143.1.1531	AY331143
AY345389.1.1398	AY345389
AY387670.1.1471	AY387670
AY388649.1.1360	AY388649
AY462042.1.1499	AY462042
AY508462.1.1741	AY508462
AY527274.1.1364	AY527274
AY538171.1.1559	AY538171
AY538749.1.1536	AY538749
AY546685.1.1902	AY546685
AY548776.1.1567	AY548776
AY550102.1.1518	AY550102
AY559412.1.1532	AY559412
AY594264.1.1517	AY594264
AY596469.1.1491	AY596469
AY643537.1.1457	AY643537
AY649762.1.1474	AY649762
AY657007.1.1777	AY657007
AY671975.1.1408	AY671975
AY673993.1.1473	AY673993
AY682384.1.1448	AY682384
AY705952.1.1797	AY705952
AY742226.1.1523	AY742226
AY753654.1.1485	AY753654
AY762980.1.1534	AY762980
AY780907.1.1491	AY780907
AY788950.1.1491	AY788950
AY835420.1.1448	AY835420
AY837748.1.1498	AY837748
AY883937.1.1474	AY883937
AY943950.1.1793	AY943950
AY962414.1.1799	AY962414
AYLG01000001.49867.51409	AYLG01000001
AYLI01000329.16498.17954	AYLI01000329
AYLJ01000015.6614.8072	AYLJ01000015
AYLK01000292.9273.10729	AYLK01000292
AYLL01000252.31846.33305	AYLL01000252
AYMB01000008.96097.97593	AYMB01000008
AYOD01000070.271.1739	AYOD01000070
AZHW01000045.7.1521	AZHW01000045
AZNU01000004.217712.219220	AZNU01000004
AZSO01000079.3872.5417	AZSO01000079
AZXQ01000006.90100.91714	AZXQ01000006
AZYG01000049.26827.28341	AZYG01000049
BA000021.136582.138132	BA000021
BA000028.2353644.2355210	BA000028
BA000039.2335243.2336733	BA000039
BA000045.1571231.1572715	BA000045
BAGZ01000028.3708.5222	BAGZ01000028
BAHD01000131.114.1637	BAHD01000131
BAUP01000039.7497.8974	BAUP01000039
BAYY01000283.3055.4588	BAYY01000283
BX294149.206764.208278	BX294149
BX571657.136191.137670	BX571657
BX571873.277164.278708	BX571873
BX842650.295616.297109	BX842650
CAEN01000062.3382.4895	CAEN01000062
CAEU01000072.81.1610	CAEU01000072
CAIT01000009.1963020.1964514	CAIT01000009
CAIZ01000036.11767.13274	CAIZ01000036
CALK01000057.3384.4901	CALK01000057
CAQP01000054.954.2478	CAQP01000054
CAVN010000111.123517.125031	CAVN010000111
CCXY01000234.9028.10480	CCXY01000234
CDPL01000047.22254.23821	CDPL01000047
CETV01269389.578.2020	CETV01269389
CP000013.446773.448310	CP000013
CP000030.247477.248979	CP000030
CP000033.1632689.1634260	CP000033
CP000061.271735.273265	CP000061
CP000097.373319.374797	CP000097
CP000102.408655.410144	CP000102
CP000103.562629.564157	CP000103
CP000113.8965179.8966718	CP000113
CP000116.1863920.1865429	CP000116
CP000127.999383.1000873	CP000127
CP000141.2112241.2113740	CP000141
CP000142.2750584.2752141	CP000142
CP000155.1588347.1589881	CP000155
CP000157.63530.65023	CP000157
CP000158.2818559.2819913	CP000158
CP000236.942218.943726	CP000236
CP000237.36268.37765	CP000237
CP000245.566088.567610	CP000245
CP000252.738017.739575	CP000252
CP000254.3501525.3502990	CP000254
CP000264.4083217.4084677	CP000264
CP000267.4118284.4119814	CP000267
CP000269.259683.261216	CP000269
CP000282.3213358.3214883	CP000282
CP000284.2233413.2234878	CP000284
CP000300.1876623.1878098	CP000300
CP000323.651956.653541	CP000323
CP000359.157596.159088	CP000359
CP000360.5260068.5261561	CP000360
CP000386.1337366.1338878	CP000386
CP000411.1277133.1278699	CP000411
CP000448.417882.419570	CP000448
CP000449.1183394.1184853	CP000449
CP000453.368208.369739	CP000453
CP000471.275258.276753	CP000471
CP000477.1617193.1618665	CP000477
CP000478.3187202.3188756	CP000478
CP000481.1397655.1399163	CP000481
CP000510.91410.92948	CP000510
CP000512.1577962.1579483	CP000512
CP000529.425434.426956	CP000529
CP000542.1980681.1982207	CP000542
CP000559.1015589.1017053	CP000559
CP000592.126178.127937	CP000592
CP000678.333483.334957	CP000678
CP000682.1705274.1706771	CP000682
CP000771.812951.814312	CP000771
CP000780.2250513.2251978	CP000780
CP000786.1121323.1122598	CP000786
CP000804.5183512.5184980	CP000804
CP000816.728379.729800	CP000816
CP000817.10101.11641	CP000817
CP000828.5636175.5637675	CP000828
CP000830.617247.618708	CP000830
CP000853.49919.51423	CP000853
CP000859.680920.682475	CP000859
CP000860.142718.144409	CP000860
CP000875.1974899.1976373	CP000875
CP000879.2041444.2042943	CP000879
CP000884.6692888.6694413	CP000884
CP000885.15754.17276	CP000885
CP000909.5131307.5132780	CP000909
CP000922.245925.247448	CP000922
CP000930.2797495.2799004	CP000930
CP000934.1059926.1061459	CP000934
CP000968.1326582.1328013	CP000968
CP001014.690421.692612	CP001014
CP001016.680554.682033	CP001016
CP001032.2051334.2052884	CP001032
CP001034.10608.12073	CP001034
CP001055.1535259.1536691	CP001055
CP001071.320473.321977	CP001071
CP001085.337291.338850	CP001085
CP001087.3947416.3948962	CP001087
CP001089.768668.770218	CP001089
CP001098.19830.21373	CP001098
CP001099.112910.114404	CP001099
CP001100.907300.908779	CP001100
CP001102.596541.598055	CP001102
CP001108.147535.149029	CP001108
CP001133.523565.525116	CP001133
CP001146.1077333.1078873	CP001146
CP001147.916471.917963	CP001147
CP001154.2650124.2651647	CP001154
CP001157.4279431.4280965	CP001157
CP001158.275201.276740	CP001158
CP001185.683454.684854	CP001185
CP001251.1244224.1245764	CP001251
CP001276.536298.537819	CP001276
CP001279.139776.141273	CP001279
CP001280.1934569.1936043	CP001280
CP001281.454429.455955	CP001281
CP001322.4580234.4581782	CP001322
CP001338.1211335.1212796	CP001338
CP001366.161307.162776	CP001366
CP001391.1289969.1291473	CP001391
CP001397.2039941.2041454	CP001397
CP001472.2863353.2864776	CP001472
CP001616.26293.27826	CP001616
CP001618.1605359.1606875	CP001618
CP001619.4003859.4005353	CP001619
CP001629.3896599.3898140	CP001629
CP001631.1616915.1618412	CP001631
CP001650.1984317.1985839	CP001650
CP001674.666264.667796	CP001674
CP001678.2336684.2338119	CP001678
CP001682.12849.14352	CP001682
CP001686.739195.740721	CP001686
CP001699.1725733.1727246	CP001699
CP001700.6297778.6299284	CP001700
CP001707.1159862.1161388	CP001707
CP001708.81697.83211	CP001708
CP001712.1335968.1337485	CP001712
CP001721.1457029.1458528	CP001721
CP001734.1976777.1978319	CP001734
CP001739.3106539.3108040	CP001739
CP001742.176279.177775	CP001742
CP001743.590782.592258	CP001743
CP001744.638957.640480	CP001744
CP001751.2138901.2140385	CP001751
CP001769.7141933.7143427	CP001769
CP001785.1682354.1683921	CP001785
CP001791.1364920.1366474	CP001791
CP001792.1787695.1789183	CP001792
CP001802.2038665.2040175	CP001802
CP001804.2898792.2900335	CP001804
CP001818.1104895.1106404	CP001818
CP001823.579562.581058	CP001823
CP001849.1589621.1591094	CP001849
CP001854.3764582.3766117	CP001854
CP001859.57719.59263	CP001859
CP001896.2025534.2027048	CP001896
CP001899.1403988.1405498	CP001899
CP001928.1839454.1840994	CP001928
CP001931.855654.857222	CP001931
CP001939.52824.54320	CP001939
CP001940.616282.617831	CP001940
CP001959.1912474.1913976	CP001959
CP001964.1209818.1211325	CP001964
CP001965.1926830.1928357	CP001965
CP001968.2671440.2672979	CP001968
CP001994.1905694.1907168	CP001994
CP001997.417874.419393	CP001997
CP001998.2186477.2188018	CP001998
CP001999.237935.239439	CP001999
CP002017.1368697.1370224	CP002017
CP002046.1256106.1257626	CP002046
CP002049.86621.88117	CP002049
CP002051.1270431.1271941	CP002051
CP002056.127113.128638	CP002056
CP002059.2217271.2218747	CP002059
CP002069.48670.50146	CP002069
CP002084.346274.347765	CP002084
CP002085.333737.335281	CP002085
CP002098.1279164.1280671	CP002098
CP002100.631480.632991	CP002100
CP002101.1236823.1238300	CP002101
CP002102.2980512.2981960	CP002102
CP002105.10646.12170	CP002105
CP002117.2355586.2357053	CP002117
CP002130.197315.198823	CP002130
CP002157.307217.308770	CP002157
CP002159.1253206.1254729	CP002159
CP002171.448908.450411	CP002171
CP002175.10370.11908	CP002175
CP002221.246761.248300	CP002221
CP002243.8736.10280	CP002243
CP002273.179417.180928	CP002273
CP002278.26992.28471	CP002278
CP002305.2758378.2759866	CP002305
CP002343.1359051.1360560	CP002343
CP002345.191924.193439	CP002345
CP002347.1401787.1403324	CP002347
CP002349.4141019.4142527	CP002349
CP002351.1920232.1921768	CP002351
CP002353.5377430.5378940	CP002353
CP002361.279006.280524	CP002361
CP002364.2987039.2988584	CP002364
CP002379.1585101.1586632	CP002379
CP002390.924199.925721	CP002390
CP002396.1074072.1075520	CP002396
CP002444.152859.154435	CP002444
CP002449.3142430.3143946	CP002449
CP002455.812901.814408	CP002455
CP002467.3872526.3874013	CP002467
CP002528.1864643.1866156	CP002528
CP002535.1296061.1297559	CP002535
CP002542.2752771.2754283	CP002542
CP002543.495064.496634	CP002543
CP002545.2984298.2985814	CP002545
CP002582.422560.424073	CP002582
CP002590.1330555.1332075	CP002590
CP002606.256607.258252	CP002606
CP002628.225677.227175	CP002628
CP002629.3127195.3128743	CP002629
CP002663.602730.604175	CP002663
CP002667.695818.697342	CP002667
CP002683.864391.865952	CP002683
CP002685.3706.5513	CP002685
CP002691.2497956.2499459	CP002691
CP002737.1395857.1397326	CP002737
CP002738.392605.394125	CP002738
CP002740.2520706.2522177	CP002740
CP002745.4446108.4447638	CP002745
CP002772.812691.814171	CP002772
CP002776.260958.262485	CP002776
CP002792.716965.718433	CP002792
CP002809.1243662.1245205	CP002809
CP002810.3099142.3100651	CP002810
CP002825.34754.36261	CP002825
CP002829.235688.237255	CP002829
CP002831.1966058.1967577	CP002831
CP002858.2249990.2251530	CP002858
CP002859.1932891.1934383	CP002859
CP002916.334433.335897	CP002916
CP002955.3325804.3327315	CP002955
CP002959.3819378.3820883	CP002959
CP002961.2129439.2130927	CP002961
CP002987.2819873.2821385	CP002987
CP002988.2130478.2131950	CP002988
CP002999.818658.820171	CP002999
CP003011.1881005.1882791	CP003011
CP003051.3621591.3623008	CP003051
CP003059.269170.270701	CP003059
CP003060.33729.35249	CP003060
CP003083.1452985.1454458	CP003083
CP003093.3414512.3416060	CP003093
CP003096.442271.443789	CP003096
CP003108.3632996.3634442	CP003108
CP003153.1901384.1902805	CP003153
CP003154.2088570.2089980	CP003154
CP003156.1917540.1918950	CP003156
CP003171.174927.176476	CP003171
CP003178.1184433.1185950	CP003178
CP003230.259814.261339	CP003230
CP003249.1918897.1920290	CP003249
CP003255.1602579.1604027	CP003255
CP003257.833952.835372	CP003257
CP003273.1268190.1269602	CP003273
CP003274.119147.120561	CP003274
CP003280.276026.277440	CP003280
CP003281.1938930.1940342	CP003281
CP003321.1081655.1083145	CP003321
CP003326.11124.12636	CP003326
CP003333.1721161.1722556	CP003333
CP003345.1227108.1228525	CP003345
CP003346.67128.68539	CP003346
CP003349.736606.738016	CP003349
CP003359.153884.155302	CP003359
CP003360.3288170.3289606	CP003360
CP003362.2364537.2365901	CP003362
CP003364.7835180.7836580	CP003364
CP003368.578899.580323	CP003368
CP003403.744028.745572	CP003403
CP003418.794761.796287	CP003418
CP003423.1068522.1070023	CP003423
CP003470.434798.436224	CP003470
CP003479.346052.347559	CP003479
CP003531.422343.423841	CP003531
CP003532.219075.220482	CP003532
CP003535.356311.357835	CP003535
CP003549.8136367.8137732	CP003549
CP003552.5571452.5572818	CP003552
CP003555.2649844.2651383	CP003555
CP003590.440038.441407	CP003590
CP003591.255680.257158	CP003591
CP003592.1762171.1763645	CP003592
CP003597.6301139.6302618	CP003597
CP003600.1377567.1378934	CP003600
CP003610.1871961.1873436	CP003610
CP003614.566533.568020	CP003614
CP003620.5306153.5307631	CP003620
CP003632.58128.59497	CP003632
CP003642.279463.280830	CP003642
CP003653.2565005.2566485	CP003653
CP003745.863907.865434	CP003745
CP003842.945953.947418	CP003842
CP003845.3651285.3652805	CP003845
CP003869.2062448.2064005	CP003869
CP003920.2310119.2311632	CP003920
CP003940.1433867.1435344	CP003940
CP003944.886648.888016	CP003944
CP003945.926683.928159	CP003945
CP003985.3691513.3692952	CP003985
CP003989.3560016.3561618	CP003989
CP004061.694257.695795	CP004061
CP004349.1312203.1313710	CP004349
CP004393.926009.927479	CP004393
CP005957.691027.692517	CP005957
CP005962.1165754.1167224	CP005962
CP005963.1579757.1581298	CP005963
CP005964.2027623.2029176	CP005964
CP006019.1527358.1528841	CP006019
CP006365.1978369.1979896	CP006365
CP006577.1951165.1952544	CP006577
CP006587.1654112.1655634	CP006587
CP006604.993592.995079	CP006604
CP006704.552873.554469	CP006704
CP006745.116943.118420	CP006745
CP006914.618581.619995	CP006914
CP006915.447312.448895	CP006915
CP006932.105590.107114	CP006932
CP006939.1212945.1214445	CP006939
CP007031.3425905.3427432	CP007031
CP007034.620467.622007	CP007034
CP007035.2227720.2229258	CP007035
CP007044.607014.608559	CP007044
CP007051.1233750.1235317	CP007051
CP007053.2151573.2153136	CP007053
CP007128.4320338.4321850	CP007128
CP007139.2216287.2217769	CP007139
CP007155.9695776.9697280	CP007155
CP007203.1455203.1456684	CP007203
CP007239.4329.5801	CP007239
CP007243.1301174.1302736	CP007243
CP007451.3387430.3388959	CP007451
CP007490.515220.516621	CP007490
CP007501.32246.33660	CP007501
CP007536.892626.894095	CP007536
CP007588.258002.259581	CP007588
CP008796.1299211.1300785	CP008796
CP008802.2102299.2103843	CP008802
CP008852.8.1548	CP008852
CP008884.4829359.4830903	CP008884
CP008889.2851749.2853279	CP008889
CP009075.30860.32648	CP009075
CP009415.4513.6037	CP009415
CP010424.162769.164251	CP010424
CP010425.1043335.1044799	CP010425
CP010426.667721.669193	CP010426
CP011209.974521.976030	CP011209
CP011210.155569.157035	CP011210
CP011211.846360.847830	CP011211
CP011212.677786.679269	CP011212
CP011213.150228.151678	CP011213
CP011268.323739.325220	CP011268
CP011402.2215596.2217112	CP011402
CP011456.993237.994724	CP011456
CP011509.1059494.1061031	CP011509
CP012020.2910718.2912261	CP012020
CP012070.2356687.2358215	CP012070
CP012398.2122415.2123909	CP012398
CP012871.4670871.4672422	CP012871
CP012872.1701571.1703105	CP012872
CP012908.234357.235823	CP012908
CP012930.3565030.3566585	CP012930
CP012947.4639010.4640556	CP012947
CP012950.192554.194094	CP012950
CP012959.321298.322840	CP012959
CP012982.1266435.1267970	CP012982
CP013000.1363337.1364892	CP013000
CP013011.538908.540404	CP013011
CP013046.5295338.5296889	CP013046
CP013062.1019941.1021401	CP013062
CP013068.2199151.2200635	CP013068
CP013119.2066482.2068029	CP013119
CP013136.4371925.4373450	CP013136
CP013178.4215530.4217087	CP013178
CP013251.1260637.1262181	CP013251
CP013291.1125030.1126580	CP013291
CP013292.400306.401835	CP013292
CP013481.307737.309273	CP013481
CP013940.246879.248431	CP013940
CP014007.4378249.4379797	CP014007
CP014024.3129568.3131110	CP014024
CP014028.1383094.1384627	CP014028
CP014340.496817.498338	CP014340
CP014936.1121099.1122686	CP014936
CP015172.766065.767591	CP015172
CP015243.3245868.3247412	CP015243
CP015363.1594125.1595594	CP015363
CP015404.1085305.1086853	CP015404
CP015407.787503.789054	CP015407
CP015529.5124999.5126525	CP015529
CP015963.1137018.1138485	CP015963
CP016809.6520178.6521745	CP016809
CP017245.1475134.1476659	CP017245
CP017820.2399789.2401586	CP017820
CP018155.1486274.1487803	CP018155
CP018308.1274342.1275900	CP018308
CP018345.1025825.1027307	CP018345
CP018787.2373496.2375006	CP018787
CP019448.1480151.1481703	CP019448
CP019493.1507565.1509369	CP019493
CP019650.2902205.2903746	CP019650
CP020350.218058.219610	CP020350
CP020453.3389789.3391345	CP020453
CP021034.561118.562646	CP021034
CP021330.626566.628049	CP021330
CP021378.3332891.3334381	CP021378
CP021383.997679.999207	CP021383
CP021896.1736971.1738524	CP021896
CP022089.475090.476632	CP022089
CP022205.1086483.1087946	CP022205
CP022488.214128.215692	CP022488
CP022810.27977.29764	CP022810
CP023121.12675027.12676823	CP023121
CP023398.2907773.2909285	CP023398
CP024028.473021.474566	CP024028
CP025135.29151.30694	CP025135
CP025537.599880.601438	CP025537
CP025762.1473552.1475344	CP025762
CP025808.489727.491191	CP025808
CP025990.1424325.1425843	CP025990
CP027019.1028172.1029703	CP027019
CP027405.1351207.1352738	CP027405
CP027654.60781.62564	CP027654
CP028367.2846063.2847607	CP028367
CP028519.661761.663304	CP028519
CP030956.468794.470576	CP030956
CP030956.537381.539161	CP030956
CP031788.2749425.2750934	CP031788
CP033076.2353787.2355336	CP033076
CR382124.1505732.1507529	CR382124
CR626927.3205531.3207063	CR626927
CT573213.5633232.5634741	CT573213
CU207211.202826.204361	CU207211
CU207366.676170.677696	CU207366
CU463952.1.1334	CU463952
CX109058.1.1487	CX109058
CXWL01021703.818.2299	CXWL01021703
CYSG01000002.363197.364673	CYSG01000002
D30774.1.1407	D30774
DQ092924.1.1790	DQ092924
DQ113912.1.1792	DQ113912
DQ120728.1.1424	DQ120728
DQ139408.1.1424	DQ139408
DQ176646.1.1469	DQ176646
DQ208689.1.1436	DQ208689
DQ208700.1.1446	DQ208700
DQ256281.1.1484	DQ256281
DQ256728.1.1494	DQ256728
DQ279347.1.1491	DQ279347
DQ302104.1.1429	DQ302104
DQ309326.1.1504	DQ309326
DQ310296.1.1397	DQ310296
DQ342315.1.1389	DQ342315
DQ367409.1.1434	DQ367409
DQ404787.1.1467	DQ404787
DQ421387.1.1477	DQ421387
DQ423479.1.1478	DQ423479
DQ437681.1.1769	DQ437681
DQ440827.1.1452	DQ440827
DQ469576.1.1448	DQ469576
DQ486493.1.1501	DQ486493
DQ493955.18673.20460	DQ493955
DQ640643.1.1428	DQ640643
DQ665916.1.1387	DQ665916
DQ789120.1.1474	DQ789120
DQ798500.1.1370	DQ798500
DQ802475.1.1390	DQ802475
DQ811859.1.1478	DQ811859
DQ830982.1.1472	DQ830982
DQ841177.1.1532	DQ841177
DQ854818.1.1472	DQ854818
DQ883810.1.1360	DQ883810
DQ905837.1.1553	DQ905837
DQ915627.1.1305	DQ915627
DQ917760.1.1508	DQ917760
DQ991965.1.1530	DQ991965
EF014364.1.1921	EF014364
EF026082.1.1434	EF026082
EF028328.1.1487	EF028328
EF126149.1.1359	EF126149
EF154515.1.1487	EF154515
EF158390.1.1454	EF158390
EF209903.1.1836	EF209903
EF212897.1.1484	EF212897
EF422408.1.1425	EF422408
EF422412.1.1441	EF422412
EF436500.1.1394	EF436500
EF469609.1.1491	EF469609
EF495229.1.1415	EF495229
EF510809.1.1491	EF510809
EF564379.1.1486	EF564379
EF574142.1.1497	EF574142
EF574848.1.1526	EF574848
EF587758.1.1390	EF587758
EF602468.1.1421	EF602468
EF602469.1.1420	EF602469
EF612765.1.1442	EF612765
EF631616.1.1702	EF631616
EF654087.1.1481	EF654087
EF660466.1.1458	EF660466
EU008565.1.1332	EU008565
EU021217.1.1519	EU021217
EU192364.1.1538	EU192364
EU240001.1.902	EU240001
EU266889.1.1489	EU266889
EU282460.1.1463	EU282460
EU287245.1.1504	EU287245
EU308479.1.1524	EU308479
EU334678.1.2163	EU334678
EU346912.1.1501	EU346912
EU362183.1.1517	EU362183
EU430570.1.1518	EU430570
EU583728.1.1469	EU583728
EU592372.1.1428	EU592372
EU603762.1.1490	EU603762
EU622580.1.1491	EU622580
EU660038.1.1744	EU660038
EU660053.1.1421	EU660053
EU682683.1.1531	EU682683
EU706350.1.1420	EU706350
EU741687.1.1384	EU741687
EU795196.15381.16884	EU795196
EU928746.1.1484	EU928746
EU980631.27879.29424	EU980631
FJ157186.1.1519	FJ157186
FJ169991.1.1507	FJ169991
FJ182049.1.1467	FJ182049
FJ182050.1.1414	FJ182050
FJ232451.1.1429	FJ232451
FJ264731.1.945	FJ264731
FJ464983.1.1511	FJ464983
FJ481102.1.1423	FJ481102
FJ527678.1.1516	FJ527678
FJ535257.1.1308	FJ535257
FJ607363.1.1411	FJ607363
FJ816018.1.1805	FJ816018
FJ820456.1.1493	FJ820456
FJ969717.1.1827	FJ969717
FM177901.1.1470	FM177901
FM179942.1.1495	FM179942
FM242231.1.1521	FM242231
FM242272.1.1514	FM242272
FM883672.1.1502	FM883672
FM955655.1.1496	FM955655
FM992695.1863370.1865146	FM992695
FN356976.1.1483	FN356976
FN377720.1.1517	FN377720
FN396961.1.1502	FN396961
FN434113.3457889.3459416	FN434113
FN543502.247916.249457	FN543502
FN562884.1.1223	FN562884
FN564440.1.1804	FN564440
FN645454.1270062.1271537	FN645454
FN665656.1.1607	FN665656
FN666240.1.1402	FN666240
FN822744.1687883.1689436	FN822744
FN869568.864796.866328	FN869568
FO117623.163561.165067	FO117623
FO203355.3676567.3678099	FO203355
FO203503.16902.18449	FO203503
FP103042.1339137.1340613	FP103042
FP565575.1586103.1587651	FP565575
FP671120.154005.155857	FP671120
FP671138.667493.669012	FP671138
FP929003.1384637.1386163	FP929003
FP929041.134513.136043	FP929041
FP929047.78761.80257	FP929047
FP929061.44196.45716	FP929061
FPLS01004494.24.1583	FPLS01004494
FPLS01019909.10.1526	FPLS01019909
FPLS01040027.10.1512	FPLS01040027
FR690946.1.2316	FR690946
FR733667.1.1527	FR733667
FR733717.1.1455	FR733717
FR746099.1835281.1836752	FR746099
FR798964.1.1438	FR798964
FR839023.1.1515	FR839023
FR865776.2.1778	FR865776
FR872580.768411.769961	FR872580
FR872582.370012.371557	FR872582
GAMG01021469.3943.5734	GAMG01021469
GP443271.1.1495	GP443271
GQ260079.1.1482	GQ260079
GQ262000.1.1379	GQ262000
GQ354896.1.1470	GQ354896
GQ354904.1.1355	GQ354904
GQ452854.1.1786	GQ452854
GQ452897.1.1490	GQ452897
GQ857549.1.1488	GQ857549
GU118862.1.1444	GU118862
GU196832.1.1508	GU196832
GU205101.1.1477	GU205101
GU207882.1.1548	GU207882
GU234254.1.1322	GU234254
GU395612.1.1544	GU395612
GU437651.1.1558	GU437651
GU993264.1.1490	GU993264
GX154060.1.1515	GX154060
HA782847.3.1866	HA782847
HE574451.1.1536	HE574451
HE576754.582094.583892	HE576754
HE582764.1.1655	HE582764
HE590855.1.1412	HE590855
HE617160.3638249.3639777	HE617160
HE681411.1.1560	HE681411
HE717023.170258.171826	HE717023
HE796683.606778.608275	HE796683
HE820726.1.1750	HE820726
HE956757.29898.31371	HE956757
HE964772.565064.566525	HE964772
HE999757.2530807.2532349	HE999757
HF680312.2583919.2585457	HF680312
HF951689.2845191.2846606	HF951689
HG315671.836361.837882	HG315671
HG738867.2836749.2838290	HG738867
HG738867.3353849.3355390	HG738867
HK241550.3.1522	HK241550
HK693344.10.1548	HK693344
HM050420.1.1431	HM050420
HM069055.1.1463	HM069055
HM187182.1.1477	HM187182
HM366507.1.1484	HM366507
HM448141.1.1385	HM448141
HQ190545.1.1508	HQ190545
HQ225190.1.1503	HQ225190
HQ462537.1.1224	HQ462537
HQ588390.1.1353	HQ588390
HQ658853.1.1495	HQ658853
HQ659556.1.1963	HQ659556
HQ687087.1.1488	HQ687087
HQ730135.1.1483	HQ730135
HQ783234.1.1448	HQ783234
HQ833040.1.1487	HQ833040
HQ860485.1.1449	HQ860485
HQ876033.1.1699	HQ876033
HQ890464.1.1471	HQ890464
HQ908675.1.1447	HQ908675
JAFY01000005.3122.4624	JAFY01000005
JAGL01000083.976.2440	JAGL01000083
JDFY01000001.4653144.4654659	JDFY01000001
JF304641.1.1488	JF304641
JF320723.1.1460	JF320723
JF421969.1.1473	JF421969
JF489961.1.1799	JF489961
JF509453.1.1510	JF509453
JF775510.1.1499	JF775510
JF789589.1.1440	JF789589
JF979130.1.1440	JF979130
JF979273.1.1469	JF979273
JHZX01000001.1367369.1368869	JHZX01000001
JMFO01000010.34772.36280	JMFO01000010
JMIH01000044.39.1569	JMIH01000044
JMIY01000002.512616.513910	JMIY01000002
JN038877.1.1496	JN038877
JN091913.1.1573	JN091913
JN107635.1.1474	JN107635
JN175329.1.1534	JN175329
JN175334.1.1533	JN175334
JN175338.1.1527	JN175338
JN206648.1.1471	JN206648
JN474124.1.1411	JN474124
JN558651.1.1475	JN558651
JN571747.1.1452	JN571747
JN662465.1.1492	JN662465
JN672497.1.1315	JN672497
JN703378.1.1490	JN703378
JN831264.1.1482	JN831264
JN837493.1.1464	JN837493
JN867363.1.1399	JN867363
JN867415.1.1475	JN867415
JN940952.1.1671	JN940952
JN941111.1.1759	JN941111
JN979554.1.1494	JN979554
JNBR01001696.641.2441	JNBR01001696
JOMH01000001.1092401.1093910	JOMH01000001
JPRS01000598.3975.5519	JPRS01000598
JQ087393.1.1506	JQ087393
JQ195843.1.1295	JQ195843
JQ226617.1.1322	JQ226617
JQ287479.1.1498	JQ287479
JQ292917.1.1539	JQ292917
JQ316675.1.1495	JQ316675
JQ327964.1.1453	JQ327964
JQ345500.1.1470	JQ345500
JQ352762.1.1371	JQ352762
JQ426323.1.1517	JQ426323
JQ448776.1.1409	JQ448776
JQ516457.1.1387	JQ516457
JQ663917.1.1462	JQ663917
JQ698923.1.1749	JQ698923
JQ698935.1.1750	JQ698935
JQ775342.1.1554	JQ775342
JQ807811.1.1483	JQ807811
JQEY01000008.80289.81732	JQEY01000008
JQKP01000002.399243.400760	JQKP01000002
JQLW01000012.87223.88743	JQLW01000012
JRFF01000022.152793.154320	JRFF01000022
JSAF02003852.21844.23678	JSAF02003852
JTLI01000095.1.1501	JTLI01000095
JWKV01000003.14465.15932	JWKV01000003
JX000728.1.1071	JX000728
JX010948.1.1493	JX010948
JX101690.1.1488	JX101690
JX105677.1.1417	JX105677
JX120421.1.1497	JX120421
JX131369.1.1450	JX131369
JX221735.1.1469	JX221735
JX222600.1.1478	JX222600
JX310203.1.1530	JX310203
JX392051.1.1479	JX392051
JX412111.1.1559	JX412111
JX424771.1.1523	JX424771
JX458465.1.1497	JX458465
JX495403.1.1654	JX495403
JX968034.1.1463	JX968034
JYIM01000321.1.1179	JYIM01000321
KC005305.1.1442	KC005305
KC109787.1.1413	KC109787
KC139247.1.1400	KC139247
KC160689.1.1490	KC160689
KC160729.1.1481	KC160729
KC160880.1.1488	KC160880
KC191774.1.1535	KC191774
KC433554.1.1820	KC433554
KC465685.1.1498	KC465685
KC476292.1.1485	KC476292
KC493561.1.1452	KC493561
KC554184.1.1512	KC554184
KC631812.1.1543	KC631812
KC990413.1.1451	KC990413
KC990415.1.1438	KC990415
KC990432.1.1399	KC990432
KC990435.1.1400	KC990435
KF481682.1.1525	KF481682
KF667495.1.1494	KF667495
KF798602.1.1461	KF798602
KF924609.1.1411	KF924609
KF952247.1.1715	KF952247
KJ757052.1.1797	KJ757052
KJ763355.1.1815	KJ763355
KJ816860.1.1446	KJ816860
KJ877525.1.1326	KJ877525
KJ882222.1.1438	KJ882222
KJ955688.1.1526	KJ955688
KM200555.1.1459	KM200555
KM200559.1.1447	KM200559
KM374763.1.1514	KM374763
KM820506.1.1479	KM820506
KM823734.1.1548	KM823734
KP277099.1.1525	KP277099
KP308705.3478.4946	KP308705
KP308716.3069.4526	KP308716
KP308719.65128.66503	KP308719
KP308748.17248.18707	KP308748
KP308750.18552.19877	KP308750
KP861849.1.1430	KP861849
KR029273.1.1448	KR029273
KR493097.1.1472	KR493097
KT731151.1.1416	KT731151
KU868083.1.1548	KU868083
KU868084.1.1541	KU868084
KU868085.1.1488	KU868085
KU868086.1.1464	KU868086
KU868087.1.1554	KU868087
KU868088.1.1548	KU868088
KU868089.1.1547	KU868089
KU868090.1.1428	KU868090
KU868091.1.1472	KU868091
KU868093.1.1375	KU868093
KU868097.1.1517	KU868097
KU868098.1.1347	KU868098
KU868099.1.1468	KU868099
KU868100.1.1538	KU868100
KU868105.1.1491	KU868105
KU955357.1.1449	KU955357
KU978252.1.1532	KU978252
KU978255.1.1529	KU978255
KX123309.1.1880	KX123309
KX123350.1.3104	KX123350
KX123359.1.3001	KX123359
KX123363.1.2876	KX123363
KX123372.1.2642	KX123372
KX123375.1.2593	KX123375
KX123380.1.2523	KX123380
KX123385.1.2350	KX123385
KX123387.1.2333	KX123387
KX123388.1.2322	KX123388
KX123391.1.2305	KX123391
KX123395.1.2206	KX123395
KX123399.1.2200	KX123399
KX123401.1.2071	KX123401
KX123409.1.1924	KX123409
KX123415.1.1882	KX123415
KX123418.1.1878	KX123418
KX123419.1.1868	KX123419
KX123448.1.1621	KX123448
KX123450.1.1620	KX123450
KX123456.1.1611	KX123456
KX123463.1.1595	KX123463
KX123464.1.1579	KX123464
KX123468.1.1560	KX123468
KX123471.1.1562	KX123471
KX123472.1.1560	KX123472
KX123475.1.1558	KX123475
KX123482.1.1555	KX123482
KX123483.1.1552	KX123483
KX123489.1.1544	KX123489
KX123493.1.1536	KX123493
KX123508.1.1526	KX123508
KX123509.1.1525	KX123509
KX123512.1.1520	KX123512
KX123513.1.1520	KX123513
KX123514.1.1516	KX123514
KX123515.1.1510	KX123515
KX123523.1.1506	KX123523
KX123529.1.1503	KX123529
KX123530.1.1503	KX123530
KX123531.1.1502	KX123531
KX123539.1.1497	KX123539
KX123540.1.1493	KX123540
KX123549.1.1496	KX123549
KX123555.1.1493	KX123555
KX123556.1.1493	KX123556
KX123557.1.1492	KX123557
KX123559.1.1492	KX123559
KX123561.1.1490	KX123561
KX123569.1.1489	KX123569
KX123571.1.1486	KX123571
KX123576.1.1485	KX123576
KX123581.1.1484	KX123581
KX123584.1.1484	KX123584
KX123588.1.1480	KX123588
KX123590.1.1477	KX123590
KX123592.1.1475	KX123592
KX123604.1.1469	KX123604
KX123607.1.1467	KX123607
KX123616.1.1459	KX123616
KX123619.1.1456	KX123619
KX123620.1.1454	KX123620
KX123621.1.1454	KX123621
KX123625.1.1453	KX123625
KX123629.1.1447	KX123629
KX123634.1.1336	KX123634
KX123636.1.1317	KX123636
KX213929.1.1358	KX213929
KY364696.1.1802	KY364696
KY770248.1.1366	KY770248
L06174.1.1489	L06174
L10828.1.1787	L10828
L14326.1.1537	L14326
L40808.1.1446	L40808
L77117.638452.639929	L77117
LARU01000002.564379.565925	LARU01000002
LBLP01002047.4787.6631	LBLP01002047
LBOM01000001.40597.42176	LBOM01000001
LBPE01000008.125169.126706	LBPE01000008
LBRP01000001.269775.271382	LBRP01000001
LBSF01000011.4877.6421	LBSF01000011
LBUW01000007.67956.69432	LBUW01000007
LBVI01000009.76614.78085	LBVI01000009
LBWJ01000011.28719.30177	LBWJ01000011
LBWK01000001.480489.482028	LBWK01000001
LBWM01000003.166997.168491	LBWM01000003
LBWQ01000018.38256.39751	LBWQ01000018
LC025527.1.1472	LC025527
LC072670.1.1511	LC072670
LC086660.1.1502	LC086660
LC086674.1.1506	LC086674
LC127084.3318528.3320051	LC127084
LC133706.1.1446	LC133706
LC328545.1.1480	LC328545
LCAA01000005.32575.34026	LCAA01000005
LCAH01000003.23730.25224	LCAH01000003
LCBR01000016.7135.8686	LCBR01000016
LCCT01000003.75191.76924	LCCT01000003
LCDI01000005.1.1381	LCDI01000005
LCEK01000024.7313.8803	LCEK01000024
LCFW01000014.22129.23630	LCFW01000014
LCHH01000004.6177.7757	LCHH01000004
LCHO01000019.8159.9647	LCHO01000019
LCID01000036.659.2195	LCID01000036
LCLH01000025.1638.3141	LCLH01000025
LCLP01000002.50904.52405	LCLP01000002
LCNU01000004.20467.21966	LCNU01000004
LCOU01000026.4898.6395	LCOU01000026
LCPF01000001.10536.12010	LCPF01000001
LCPX01000023.9803.11291	LCPX01000023
LCQK01000003.64973.66448	LCQK01000003
LCQX01000020.307.2133	LCQX01000020
LDXN01000013.3686.5241	LDXN01000013
LDXP01000044.18703.20249	LDXP01000044
LF651704.10.1521	LF651704
LFFM01006973.168.1628	LFFM01006973
LJNP01000003.17868.19385	LJNP01000003
LJUC01000242.1.1411	LJUC01000242
LK021130.752052.753595	LK021130
LN614756.147004.148510	LN614756
LN614830.597204.598735	LN614830
LN681227.48436.49966	LN681227
LN831027.2036522.2038007	LN831027
LN846995.1000209.1001750	LN846995
LN870770.1.1327	LN870770
LN908249.1805903.1807440	LN908249
LN997848.4635153.4636624	LN997848
LNVX01000212.1804.3325	LNVX01000212
LQMP01000030.68979.70454	LQMP01000030
LS483299.297743.299270	LS483299
LS483411.443489.445015	LS483411
LS483423.2582277.2583808	LS483423
LS483426.543619.545143	LS483426
LS483427.394538.396056	LS483427
LS483439.71876.73367	LS483439
LS483483.867029.868556	LS483483
LS483498.48094.49624	LS483498
LS483499.2662085.2663612	LS483499
LT549890.891113.892713	LT549890
LT594095.3355866.3357382	LT594095
LT596221.3652801.3654323	LT596221
LT629694.311224.312751	LT629694
LT629776.786584.788110	LT629776
LT629784.4128770.4130260	LT629784
LT838272.3184415.3185963	LT838272
LT838813.1829942.1831356	LT838813
LT841305.1601053.1602576	LT841305
LT854279.1775917.1777706	LT854279
LT906453.527475.528983	LT906453
LT906475.1678952.1680456	LT906475
LT906482.655495.657024	LT906482
LT934425.1069811.1071397	LT934425
LT993737.159572.161107	LT993737
LUTP01000101.49.1595	LUTP01000101
M11223.1.1489	M11223
M32703.1.1791	M32703
M35016.1.1532	M35016
M38637.979.2449	M38637
M58791.1.1474	M58791
M59142.1.1469	M59142
M90801.1.1490	M90801
M92991.1.1793	M92991
MCBF01000001.541619.543111	MCBF01000001
MELT01000136.4212.5780	MELT01000136
MESY01000047.28923.30428	MESY01000047
META01000003.217527.219031	META01000003
METB01000001.533110.534644	METB01000001
METK01000005.18452.19989	METK01000005
MEVN01000034.29821.31215	MEVN01000034
MEWM01000072.23600.25154	MEWM01000072
MEYG01000109.13423.15011	MEYG01000109
MEZX01000002.366279.368183	MEZX01000002
MEZY01000050.18847.20231	MEZY01000050
MF092312.1.1491	MF092312
MF449188.1.1201	MF449188
MF461058.1.1452	MF461058
MFBU01000020.53721.55207	MFBU01000020
MFDF01000004.31426.32744	MFDF01000004
MFFP01000027.251353.252878	MFFP01000027
MFJY01000009.12081.13693	MFJY01000009
MFQT01000006.986.2519	MFQT01000006
MFRI01000031.4327.5856	MFRI01000031
MFRJ01000085.18042.19564	MFRJ01000085
MFRQ01000138.9265.10792	MFRQ01000138
MFYO01000022.44733.46211	MFYO01000022
MGDN01000030.7785.9362	MGDN01000030
MGHT01000023.6185.7618	MGHT01000023
MGMK01000015.42031.43538	MGMK01000015
MGML01000116.8420.9921	MGML01000116
MGMY01000058.4243.5801	MGMY01000058
MGTY01000053.17208.18715	MGTY01000053
MGUN01000010.1468.3022	MGUN01000010
MGUP01000120.23046.24566	MGUP01000120
MGUR01000062.16484.18033	MGUR01000062
MGVR01000037.12229.13753	MGVR01000037
MH463959.1.1495	MH463959
MH698806.1.1504	MH698806
MHAV01000004.57106.58643	MHAV01000004
MHBF01000173.12388.13718	MHBF01000173
MHBI01000069.82300.83843	MHBI01000069
MHCP01000032.8250.9815	MHCP01000032
MHCQ01000043.212.1718	MHCQ01000043
MHDA01000022.14534.16085	MHDA01000022
MHDB01000041.19921.21369	MHDB01000041
MHDG01000024.6671.8154	MHDG01000024
MHEE01000002.15960.17497	MHEE01000002
MHFU01000153.2840.4410	MHFU01000153
MHIT01000023.457.1981	MHIT01000023
MHIW01000010.10068.11579	MHIW01000010
MHIZ01000032.6820.8219	MHIZ01000032
MHJT01000020.21914.23398	MHJT01000020
MHJW01000015.6568.8192	MHJW01000015
MHKE01000005.43804.45322	MHKE01000005
MHLE01000021.4132.5633	MHLE01000021
MHNQ01000001.1959.3483	MHNQ01000001
MHTG01000018.95.1673	MHTG01000018
MHTH01000005.30122.31463	MHTH01000005
MHTK01000006.314535.315996	MHTK01000006
MIDP01000022.57637.59176	MIDP01000022
MIDS01000601.2780.4346	MIDS01000601
MKKE01000074.3467.4997	MKKE01000074
MLAW01000094.181.1675	MLAW01000094
MNUR01000070.3378.4895	MNUR01000070
MNVB01000064.3653.5151	MNVB01000064
MNWJ01000041.315.1840	MNWJ01000041
MNWM01000025.8427.9769	MNWM01000025
MNWN01000015.28951.30462	MNWN01000015
MNWT01000005.126927.128460	MNWT01000005
MNXB01000105.15058.16643	MNXB01000105
MNXI01000065.10291.11835	MNXI01000065
MNXM01000314.15351.16726	MNXM01000314
MNXN01000406.14791.16342	MNXN01000406
MNXR01000004.24028.25496	MNXR01000004
MNXS01000038.18004.19865	MNXS01000038
MNYD01000108.2079.3595	MNYD01000108
MNYS01000006.126767.128533	MNYS01000006
MNYV01000050.14571.15926	MNYV01000050
MNYX01000024.42.1533	MNYX01000024
MNZB01000003.188030.189564	MNZB01000003
MNZI01000019.18300.19881	MNZI01000019
MNZJ01000031.6394.7955	MNZJ01000031
MNZM01000024.9533.11149	MNZM01000024
MNZN01000008.36435.37947	MNZN01000008
MNZO01000023.8601.9911	MNZO01000023
MNZU01000010.3802.5288	MNZU01000010
MNZY01000038.10559.12029	MNZY01000038
MOYA01000001.246169.247640	MOYA01000001
MOYD01000062.205.1704	MOYD01000062
MTOJ01000048.1.1447	MTOJ01000048
U17356.1.1750	U17356
U25627.1.1559	U25627
U45990.1.1505	U45990
U50168.1.1478	U50168
U53132.1.1770	U53132
U53824.1.1405	U53824
U64459.1.1503	U64459
U87101.1.1462	U87101
U87759.1.1401	U87759
U89300.1.1491	U89300
U93332.1.1482	U93332
U96412.1.1468	U96412
X14835.987.2495	X14835
X59733.1.1826	X59733
X60418.1.1499	X60418
X70803.22.1792	X70803
X72377.1.1445	X72377
X74686.1.1466	X74686
X76441.1.1502	X76441
X77215.1.1501	X77215
X79412.1.1473	X79412
X80994.2.1544	X80994
X81319.1.1511	X81319
X87278.1.1477	X87278
X89525.1.1791	X89525
X91032.1.1513	X91032
X91034.1.1511	X91034
X93021.1.1546	X93021
X99234.1.1503	X99234
Y13299.1.1519	Y13299
Y15403.1.1423	Y15403
Y15711.1.1547	Y15711
Y16546.1.1511	Y16546
Y17060.1.1530	Y17060
Y17112.1.1395	Y17112
Y17601.1.1496	Y17601
Y17602.1.1490	Y17602
Y18214.1.1507	Y18214
Y19155.1.1797	Y19155
Z21632.1.1445	Z21632
Z29583.1.1418	Z29583
Z36296.1.1498	Z36296
Z96096.1.1497	Z96096
